TITOLO,RECORD_ID,EAN,ABSTRACT,STATO
Obscurio,646939,3558380084556,"I giocatori interpretano dei maghi, intenti a fuggire da una magica biblioteca, grazie all'aiuto di un libro speciale, il Grimorio, che sarà gestito da un solo giocatore. Il Grimorio potrà comunicare con gli altri giocatori unicamente attraverso le immagini, senza mai parlare. Ma attenzione, tra i maghi si nasconde un traditore! Gioco di interpretazione di immagini. Collaborativo. 3 tipologie di ruolo diverse, seconda del proprio ruolo, ogni giocatore giocherà diversamente. Ruoli segreti. I RUOLI:Il Grimorio: è l'unico ruolo pubblico dall’inizio della partita. Gioca la partita in maniera diversa, visto che conosce lavia d’uscita. Il Grimorio conosce inoltre l’identità del Traditore. Il suo ruolo è quello di guidare la squadra. Tuttavia, il Grimorio non può parlare (è un libro, dopotutto) e deve comunicare con immagini e indizi visivi.Vittoria: Il Grimorio vince con i Maghi se i Maghi leali riescono a fuggire dalla Biblioteca. Egli sa chi è il Traditore ma nondeve dare alcuna informazione al riguardo!I Maghi leali: tengono il loro ruolo nascosto per la maggior parte della partita. Tentano di decifrare gli indizi dati dal Grimorio per scegliere le porte che permetteranno loro di uscire dalla Biblioteca.Vittoria: I Maghi leali vincono se riescono a fuggire dalla Biblioteca.Il Traditore: è nascosto tra i Maghi all’inizio della partita. Dovrà cercare di fuorviare gli altri Maghi il più a lungo possibile, senza farsi scoprire. Il Traditore gioca contro il Grimorio e i Maghi, vincendo se essi perdono.Vittoria: Il Traditore vince da solo se i Maghi perdono tutti i loro punti Coesione. (ibs.it)",in biblioteca
King of Tokyo,647138,3760175514524,,in biblioteca
Stone Age junior,647149,8058773201898,"Nell'età della pietra la vita era molto diversa dalla nostra. La storia di Jono e Jada (all'interno, una storia da scoprire) vi mostrerà come vivevano i nostri antenati. Sulla mappa da gioco scoprirete com'erano le loro giornate e come da nomadi divennero stanziali. Raccoglierete e costruirete il vostro primo insediamento!",in biblioteca
Pandemic : Zona rossa : Europa,647153,3558380018865,,in biblioteca
Micromacro : Crime city. True detective,647513,9788831382359,"Benvenuti a MicroMacro, una tranquilla cittadina sopraffatta dal crimine! Violente risse, efferati omicidi e sanguinose rapine sono all’ordine del giorno in città. La polizia locale ha perso il controllo della situazione, per questo abbiamo bisogno di tutte le vostre capacità investigative! MicroMacro è un gioco cooperativo di investigazione: dovrete risolvere ingegnosi crimini scoprendo il movente, trovando le prove e arrestando i colpevoli. Un occhio attento ai particolari e un lucido ragionamento deduttivo saranno le chiavi del vostro successo. Questo è un lavoro per veri investigatori! 16 nuovi casi! I cattivi e i criminali ti aspettando ad ogni angolo l'occasione buona per sopraffare la preda. True Detective è il nuovo capitolo della serie MicroMacro. Contiene 16 nuovi casi che non richiedono una copia di “MicroMacro: CrimeCity” per essere giocati. Potreste tuttavia imbattervi in personaggi e storie già incontrate nel capitolo precedente. NOVITA': Ogni caso include un simbolo per indicare la fascia di età a cui è rivolto.",in biblioteca
Sherlock Holmes consulente investigativo : I Delitti del Tamigi e Altri Casi,647516,9782370990259,"I giocatori interpretano dei membri della banda ufficiosa degli Irregolari di Baker Street, una squadra formata da Sherlock Holmes per essere informato su ciò che si diceva per le strade e per ottenere supporto nelle indagini più misteriose. Questa scatola presenta dieci casi spinosi che spetterà ai giocatori risolvere.In ciascun caso avrete a vostra disposizione una serie di piste da seguire, una mappa di Londra, un Annuario e i quotidiani locali. Disporrete anche di una lista di informatori che comprende alcune personalità qualificate che vi assisteranno nel corso delle vostre ricerche (medico legale, criminologo, spia ecc.). Armati di tutti questi elementi e della vostra immaginazione, setaccerete le vie di Londra alla ricerca degli indizi che vi permetteranno di risolvere l’enigma e di rispondere a una serie di domande sull'inchiesta. Ma, ovviamente, nulla è mai come sembra e dovrete dare prova della vostra sagacia, se non desiderate essere messi in ridicolo quando si giungerà al faccia a faccia finale con Holmes! Riuscirete a superare il maestro?",in biblioteca
Nome in codice : collega gli indizi,647562,8034055580424,"Nome in Codice è un party game targato Vlaada Chvatil, edito in europa dalla Czech Games, in cui due squadre di spie saranno alla ricerca dei loro nomi in codice seguendo i criptici suggerimenti dei loro rispettivi capisquadra che, potendo dire solo un numero e una parola, dovranno cercare di guidare i loro gruppi alla selezione dei codici giusti, evitando però di farli incappare in quelli appartenenti alla squadra degli avversari oppure, ancora peggio, tra le grinfie dell’immancabile assassino.",in biblioteca
When I dream,647569,5425016921838,"Scende la notte e ti addormenti placidamente. È l’occasione perfetta per gli Spiriti dei Sogni di farti visita e di influenzare i tuoi sogni nel bene e nel male... Ascolta le voci delle Fate, ma fa’ attenzione ai Babau e ai Sandmen che cercheranno di fuorviarti! Quando arriverà l’alba, ti ricorderai cosa hai sognato?When I Dream è un semplice, onirico e incantevole gioco di comunicazione.",in biblioteca
My shelfie,647570,8034055583760,"Avete appena portato a casa la vostra nuova libreria ed è giunto il momento di riempirla con i vostri oggetti preferiti. Collezionate libri, piante, giochi da tavolo, ritratti, premi… e non dimenticate di lasciare un po’ di spazio per i vostri gatti! Chi riuscirà ad avere la libreria meglio organizzata?",in biblioteca
Rory's Story cubes. Classic,648141,91037273604,"Lancia i Rory’s Story Cubes e inventa una storia che colleghi tutte le immagini sulle facce dei dadi Semplice ed intuitivo, adatto a tutta la famiglia, questo piccolo e pratico gioco stimola la fantasia e l’immaginazione",in biblioteca
Rory's story cubes. Fantasia,648145,4260071879844,"Lanciate i nove cubi e usate le immagini per creare una storia. Con Rory's Story Cubes®: Fantasia, potete creare infinite avventure con fantastiche creature. Grazie alle infinite combinazioni e possibilità, Rory's Story Cubes vi regalerà ore di divertimento creativo, adatto a tutte le età. Racconti della buonanotte, trame in evoluzione, ispirazioni creative, approcci fantasiosi, il tutto... senza alcuna regola!",in biblioteca
Rory's Story cubes. Voyages,648204,91037273642,"Con Rory’s Story Cubes: Voyages, potete creare infinite storie di epiche avventure. Lanciate i nove cubi e usate le immagini per creare una storia. La vostra sarà una storia breve ma intensa o una grande saga? Vale una sola regola: non esistono risposte sbagliate! Racconti della buonanotte, trame in evoluzione, narrazioni orali, ispirazioni creative, approcci fantasiosi!",in biblioteca
Tic Toc,648209,806891590503,"Ecco Tic Toc, pronto a far scappare Capitan Uncino e la sua Ciurma di Pirati per farvi raggiungere la vittoria. Ma se volete essere proprio lui, il cattivo dei cattivi dell’Isola che non c’è? Allora ecco Spugna che fa correre a gambe levate Peter Pan insieme ai Bimbi Sperduti… Tutti sanno delle nobili gesta di Peter Pan e di come sia riuscito a sconfiggere Capitan Uncino con il prezioso aiuto dei Bimbi Sperduti e della scintillante Campanellino… ma diciamoci la verità, il vero eroe della storia non può che essere lui: TIC TOC. Colui che, nell’avvicinarsi, con il solo ticchettio, fa tremare di paura il capitano più impavido che ci sia! Gioco di carte da fiaba facile e veloce, con grafiche vecchio stile. Un bel viaggio nel tempo per gli adulti e una bellissima ambientazione per i bambini.",in biblioteca
Slapzi : link in a blink!,648210,8032591785914,"Per giocare servono riflessi, concentrazione e… molta rapidità! Ogni giocatore ha 5 carte, dunque 10 immagini fotografiche (fronte/retro) e deve essere il primo a liberarsi di tutte e 5. Per giocare una carta bisogna essere i primi a “schiaffeggiare” con la propria carta-immagine la carta-indizio che viene girata al centro del tavolo. Cosa posso nascondere sotto il calzino? Cosa può rotolare giù da una collina? Quale parola ha un numero dispari di lettere? Si possono giocare molte diverse varianti del gioco base.",in biblioteca
Bag of chips : un gioco,648213,3558380091691,"Un party game “Push Your Luck” in cui prenderete decisioni cruciali per accumulare più punti possibile alla fine di ogni round. Ma attenzione: se sarete troppo avidi, avrete molto da perdere! Pescate le patatine, eliminate gli obiettivi troppo difficili e completate gli obiettivi rimanenti per raggiungere la vittoria! Il gioco si svolge in una serie di round. In ogni round si effettuano 4 turni di pesca di patatine dal sacchetto. Le “patatine”, di 5 colori diversi, vengono rivelate a tutti i giocatori. Dopo ogni pescata, si scartano dalla mano alcune carte obbiettivo (tutti gli obbiettivi sono collegati al numero e al colore delle patatine sul tavolo) che vengono ritenute troppo difficili. Alla fine della quarta pescata, si contano i punti degli obiettivi completati, ricevendo le relative ricompense e si sottraggono eventuali punti di obbiettivi completati ma scartati. Se uno dei giocatori arriva a 4 o più premi, vince la partita. TENTA LA FORTUNA in questo gioco dal gustoso contenuto!",in biblioteca
Bicchieri sprint,648214,8033772897105,"Semplice e veloce gioco di destrezza in cui i giocatori devono, più rapidamente degli altri, disporre nel modo corretto i loro bicchieri colorati. Ogni giocatore prende 5 bicchieri di colore diverso e cerca di svolgere i compiti il più velocemente possibile. Servono velocità e colpo d’occhio: le immagini rappresentano un ordine a volte orizzontale e a volte verticale.
Ciò che aggiunge pepe al gioco è il fatto che alcune carte non sono di immediata interpretazione rappresentando le figure leggermente sfalsate. Un giocatore gira la carta compito più alta del mazzo e…al via la competizione: ogni giocatore dovrà cercare di svolgere il “compito” il più velocemente possibile cercando di ricreare l’ordine dei colori rappresentato sulla carta con i propri bicchieri. Appena ha finito, bussa il campanello! Cominciando dal giocatore più rapido, i bicchieri vengono controllati. Se è tutto a posto, il giocatore si aggiudica la carta compito. Se c’è un errore, si controlla il lavoro del secondo giocatore più rapido e così via. La partita termina quando sono state rivelate tutte le 24 carte compito e vince chi si è aggiudicato più carte.
Grafica essenziale, componentistica resistente e semplicità delle regole hanno permesso che questo gioco ricevesse per il 2014 la nomination al Kinderspiel des Jahres e al Kinderspielexperten ""5-to-9-year-olds"".
E allora, che aspettate? Quale uccellino sta più in alto sull’albero e quale più in basso? In che ordine sono appese le giacche nell’armadio? I bicchieri sono a posto? Il campanello, presto!",in biblioteca
"3 giochi : [scacchi, dama, backgammon]",648215,8422878706037,"3 giochi in una scatola di legno il cui coperchio è una tavola rovesciabile con scacchi, dama e backgammon, dim. 30 x 30cm. All'interno la scatola contiene 6 scompartimenti con i pezzi di legno necessari per i 3 giochi I dadi sono di resina e il bicchiere per il lancio dei dadi in eco pelle Si presenta in scatola di cartone riciclato con attraenti illustrazioni",in biblioteca
"Just one : a te la scelta, fai la differenza!",648217,5425016922637,"Gioca con i tuoi amici per scoprire più parole Mistero possibili! Just One è un party game cooperativo. Insieme agli altri, fai indovinare una parola Mistero a uno dei giocatori scrivendo segretamente un indizio sul tuo cavalletto. Scegli il tuo indizio senza metterti d'accordo con gli altri e dai prova di originalità cercando di non scrivere lo stesso indizio di un altro giocatore. Tutti gli indizi identici, infatti, vengono annullati ancora prima che il giocatore attivo possa vederli. Alla fine della partita, calcola il punteggio in base al numero di parole Mistero indovinate.",in biblioteca
Patchwork : per due giocatori,648218,3558380074069,"Il patchwork è una forma di cucito che consiste nel cucire insieme dei pezzi di stoffa per formare un disegno più grande. In passato era un modo per sfruttare i ritagli di stoffa avanzati per creare capi d’abbigliamento e trapunte. Creare una trapunta di qualità tuttavia richiede impegno e tempo, soprattutto se le pezze disponibili non combaciano. Scegliete dunque le pezze con attenzione e fate una bella scorta di bottoni per fare più punti degli altri giocatori!
Al proprio turno ogni giocatore può scegliere se: Avanzare e Ricevere Bottoni (che serviranno per acquistare le pezze) oppure...",in biblioteca
Furbi come volpi : un caso per galline detective!,648245,8032591782166,"Una volpe astuta ha rubato l'uovo d'oro dal pollaio e si affretta a dileguarsi! Collabora con gli altri giocatori raccogliendo più indizi possibili e scagionando le volpi innocenti per identificare il ladro, prima che riesca a scappare.
Un gioco cooperativo molto avvincente, pluripremiato e best seller mondiale. Serviranno logica, attenzione e strategia. Adatto anche ai bambini più piccoli.",in biblioteca
Escape room : il gioco,648246,8034055581117,,in biblioteca
Villa Paletti,648247,4052435002155,"Villa Paletti è un gioco di destrezza e abilità adatto a tutto la famiglia ambientato tra le verdi colline Toscane dove abitava uno strambo giovanotto chiamato Paletti. Aveva un chiodo fisso: terminare la costruzione della villa iniziata dallo stravagante nonno e mai completata per mancanza di ducati. Ovviamente, anche Paletti non aveva abbastanza ducati ma ideò un metodo geniale per proseguire il lavoro: perché acquistare altre colonne visto che al pian terreno ce ne sono così tante da essere inutili? Le smonteremo e le risistemeremo per sostenere i piani più alti. Tutti gli operai gridarono Evviva Paletti e iniziarono immediatamente il lavoro. Così nacque un'audace costruzione: VILLA PALETTI! Grazie ai recenti scavi sono tornate alla luce le geniali architetture di Villa Paletti, ora accessibili a tutti. Grandi e piccoli, giovani e anziani, funambolici architetti e ingegneri incompresi potranno cimentarsi con le incongruenze architettoniche del folle palazzo, assaporando così la gioia di costruire davvero un castello in aria.'",in biblioteca
Bananagrams : il gioco di parole veloce,648378,8032611693816,"Usa le tue lettere più in fretta che puoi componendo il tuo schema di parole crociate. Batti gli altri sul tempo! Non c'è bisogno di carta o matita, né di un tabellone... non si aspetta tra un turno e l'altro, qui si gioca di continuo!",in biblioteca
TeleSketch,648380,3558380074458,"La versione visiva del classico gioco “telefono senza fili”, dove i giocatori disegnano e tentano di indovinare parole segrete… divertendosi come non mai nel farlo!
In questo gioco DISEGNATE la parola segreta e fate IPOTESI su quello che hanno disegnato gli altri. I risultati sono sempre inaspettati ed esilaranti! Guarda la parola e disegnala. Passa il blocchetto. Il giocatore successivo guarda il tuo disegno e scrive la parola dalla quale ipotizza tu sia partito/a e passa il blocchetto a sua volta. Continuate così fino a terminare il giro.
Siete stati in grado di far arrivare la giusta parola fino alla fine?",in biblioteca
Quoridor,648708,3421273323318,"Con la propria pedina bisogna raggiungere il bordo opposto del tavoliere, ma gli avversari piazzeranno le loro barriere con il chiaro intento di impedircelo. Alla fine vincerà chi sarà riuscito a costruirsi la via più corta!",in biblioteca
Catan : big box,651388,8058773207821,"Entra nell’isola più trafficata dei giochi di tavolo in questa edizione piena di contenuti per le tue partite! Costruisci con strategia le tue colonie, raccogli risorse e commercia con i tuoi avversari. La big box di Catan ti dà subito la possibilità di giocare fino a 6 giocatori, oltre a offrirti esclusivi scenari di gioco per rendere le tue partite di Catan ancora più varie! Contiene anche Catan gioco di dadi, la soluzione perfetta per portarti in ogni luogo il tuo gioco preferito in un formato rapido e divertente.",in biblioteca
"Imagine family : assemblate, animate, indovinate",651391,8033609531820,"Prendi le carte trasparenti, mettile in sequenza. sovrapponile, spostale a tuo piacimento per fare indovinare agli altri giocatori quello che rappresentano. Ma attenzione! Non puoi parlare, fare rumori, mimare o indicare. Se sarai riuscito nel tuo turno a fare indovinare, tu e chi ha indovinato vincete una stella. Chi avrà più stelle al termine della partita avrà vinto. Quali sono le differenze con Imagine? – Plancia di gioco su cui mettere le carte trasparenti per far fare indovinare. – Le immagini sulle carte trasparenti sono più semplici",in biblioteca
Qwirkle,651396,8051772020101,"Qwirkle è un gioco di posizionamento tessere che allena la concentrazione e sviluppa il pensiero visuale. La sua semplicità, unita alla grande profondità strategica, rende Qwirkle un classico adatto a tutte le età.
Le regole di Qwirkle sono davvero poche! Dovete ottenere punti creando sequenze di tessere dello stesso colore oppure con lo stesso simbolo, e se riuscite a creare una sequenza di sei tessere differenti… Avete fatto Qwirkle!",in biblioteca
Squid game : che i giochi abbiano inizio,651400,3558380102380,"Questa è la vostra possibilità di guadagnare 45,6 miliardi di Won. Sopravvivete per sei giochi e avrete vinto. La parola chiave è sopravvivere. Perché quando perdete, venite eliminati. Guidate la vostra squadra attraverso sei giochi mortali. I membri della vostra squadra che sopravvivono passano al gioco seguente. Resistete per tutti i sei giochi con almeno un membro della squadra sopravvissuto per vincere. Fate attenzione a chi date la vostra fiducia… (https://libreriasemola.it/)",in biblioteca
Wingspan,651401,8033609531066,"In Wingspan vestirete i panni di un gruppo di appassionati di birdwatching, ricercatori, ornitologi o più semplicemente collezionisti di uccelli. Ogni uccello che riuscirete ad ottenere ed inserire nella vostra voliera vi darà accesso ad una serie di potenti combinazioni di azioni che vi permetteranno di concatenare preziosi benefici indispensabili per la vittoria finale. (Ibs.it)",in biblioteca
Jamaica,651402,3558380088226,"La nuova versione del classico family game piratesco! Una buona tattica e un’astuta strategia saranno le vostre armi per vincere la partita! Pirati, issate le vele e preparate il fuoco dei vostri cannoni per partecipare alla tradizionale regata intorno all’isola di Jamaica! Scegliete le vostre azioni del mattino e della sera. Riempite le vostre stive con cibo, polvere da cannone e tesori, attaccate i vostri nemici e navigate intorno all’isola per terminare la regata con più ricchezze dei vostri avversari! Si tratta essenzialmente di compiere un intero giro intorno all’isola della Giamaica coordinando sapientemente il risultato del lancio dei dadi con le proprie carte azione; ogni giocatore dispone di una stiva con 5 settori dove poter immagazzinare dobloni, cibo e cannoni che utilizzerà di volta in volta per avanzare con la propria nave o per fronteggiare gli avversari. La meccanica di gioco è basata sul lancio di due dadi e sul loro posizionamento sul lato giorno o sul lato notte. In base a questo i giocatori sceglieranno le carte da giocare applicandone l’effetto per il valore indicato. Esempio: Dado risultato 3 sul lato giorno che mi fa prendere provviste (prendo 3 provviste). Oppure risultato 6 sulla notte che mi dà movimento? Mi muovo di 6 sul percorso. E via dicendo. Facendo avanzare le nostre navi potremmo anche raccogliere tesori, trovare trappole e scontrarci con le navi degli altri giocatori. Appena un giocatore raggiunge Port Royal, si termina con il turno di gioco e la partita è finita. Il giocatore con più punti vince la partita. Essere avanti nel percorso corrisponde ad avere tanti punti, ma dobloni e tesori possono influire molto sul risultato finale! (https://www.vendiloshop.it/)",in biblioteca
Harry Potter. L'ascesa dei mangiamorte,651405,3558380089254,"Harry Potter: L’Ascesa dei Mangiamorte è un gioco collaborativo di carte e dadi per 2-4 giocatori, ambientato durante gli eventi de L’Ordine della Fenice. Nel corso della partita, ogni giocatore radunerà streghe e maghi dell’Ordine della Fenice, dell’Esercito di Silente e di Hogwarts per combattere contro la crescente minaccia rappresentata da Lord Voldemort e i suoi Mangiamorte, al fine di impedire loro di diffondere la propria oscura influenza tra i vari Luoghi del Mondo Magico
È necessario sconfiggere Lord Voldemort e mandare in fumo la sua scalata al potere! I giocatori devono reclutare i Maghi
e sconfiggere i Mangiamorte prima che Lord Voldemort e le sue forze del male corrompano i Luoghi nel Mondo Magico
oppure prima che troppi Maghi vengano persi!",in biblioteca
ZombieZ,651569,8032591781237,"Questa esilarante banda di zombie sta aspettando qualcuno che abbia voglia di trasformarli in un’orda senza paura. Disponi le carte in fila e più ne ottieni meglio è. Gli ZombieZ sono imprevedibili e se non riesci a giocare una carta perdi la ricompensa. Tenta la fortuna, usa carte speciali e infastidisci gli avversari.",in biblioteca
Bang!,651573,8032611691003,"Quando l'uomo col Winchester incontra l'uomo con la pistola, l'uomo con la pistola è un uomo morto... a meno che non abbia una Volcanic! I Fuorilegge danno la caccia allo Sceriffo. Lo Sceriffo dà la caccia ai Fuorilegge. Il Rinnegato trama nell'ombra, pronto a schierarsi da una parte o dall'altra. Le pallottole volano. Chi fra i pistoleri sarà un aiutante dello Sceriffo, pronto a sacrificarsi per lui? E chi invece uno spietato Fuorilegge, che non aspetta altro che farlo fuori? Il gioco western più venduto del mondo in una versione ancora più ricca e facile da imparare! Il gioco già approvato da oltre mezzo milione di cowboy nel mondo! (Libroco)",in biblioteca
Akros,651584,8052080020302,"Akros è un gioco asimmetrico per due giocatori che li vede assumere il ruolo di due titaniche creature durante la genesi di un nuovo mondo. Utilizzando i vostri servitori elementali avrete l’occasione di plasmare a vostro piacere il paesaggio di un piccolo nuovo mondo per ottenere il controllo dei vari territori. Al termine della partita, ciascun giocatore somma il valore dei territori controllati dai propri servitori per determinare il dominio sui vari ambienti e colui che lo avrà ottenuto sulla maggioranza delle tre diverse tipologie di ambienti, potrà reclamare il merito della creazione. (www.magicmerchant.it)",in biblioteca
By the Book : un gioco di equilibri,651589,7290018300831,In questo originale puzzle 3D dovrete impilare i 12 libri dalle forme diverse – oltre a un gatto molto furbo – in modo che lo scaffale superiore si appoggi su di essi in modo perfettamente bilanciato. Utilizzate la speciale livella inclusa per essere sicuri che tutto sia allineato! Superate le 40 sfide e diventate esperti del perfetto equilibrio!,in biblioteca
Tartaruga splash!,651595,8033609532223,"In questa splendida giornata di sole, tutti gli animali provenienti dalla giungla e dalla foresta si sono dati appuntamento al lago per giocare a nascondino. Per poter raggiungere al più presto i suoi amici, decide, allora, di scivolare lungo il fiume, tuffandosi nel lago e schizzando acqua ovunque per farli uscire allo scoperto dai loro nascondigli. Il giocatore che per primo riuscirà a scovare tutti gli animali nascosti, portando 3 Palle alla fine della propria plancia, vincerà la partita! Come si gioca? E' semplicissimo: 1. Colpisci il gettone Tartaruga per farlo scendere dallo scivolo Fiume. 2. A seconda di dove arriva (non arriva al lago, lo raggiunge o arriva nel centro) potrai girare 1, 2 o 3 tessere Animale. Dovrai rigirarle, per cui memorizzale! 3. Se giri un animale uguale a quello che che ti serve sulla plancia giocatore, fai avanzare il gettone Palla. Vince il giocatore che ha per primo portato i suoi 3 gettoni Palla a termine del tracciato. Consigliato a partire dai 5 anni.",in biblioteca
Terraforming Mars : raggiungere Marte   stato un grande passo: renderlo abitabile ci dar  un nuovo mondo,651601,8033609530717,"Enormi corporations sono in competizione per trasformare Marte in un pianeta abitabile, spendendo vaste risorse e sfruttando tecnologie innovative per innalzare la temperatura, creare un’atmosfera respirabile e realizzare oceani d’acqua. Mentre il processo di terraformazione procede, un numero crescente di persone immigrerà dalla Terra per vivere sul Pianeta Rosso. In Terraforming Mars controllate una corporation con un ben preciso profilo. Giocherete carte progetto, produrrete risorse, collocherete le vostre città e le aree verdi sulla mappa, e sarete in competizione con i vostri avversari per reclamare milestones e ottenere ricompense! Riuscirà la vostra corporation a condurre l’umanità verso una nuova era?",in biblioteca
Unicorn Fever,651605,8034055581773,"Il successore di Horse Fever, primo gioco della storia di Cranio Creations! Dietro ogni arcobaleno si nasconde sempre un tesoro! E un unicorno pronto a competere in una gara di corsa! Vestite i panni di ricchi scommettitori, districatevi tra contratti da offrire ai cittadini del regno delle favole, carte magiche e prestiti da restituire ad elfi senza scrupoli. Gli unicorni sono già ai blocchi di partenza, chi sarà a puntare sul vincitore della Great Unicorn Racing Championship?",in biblioteca
The queen's gambit : la regina degli scacchi,652481,3558380092933,"Il gioco da tavolo ispirato a una delle serie più viste degli ultimi tempi! Vi misurerete con altri giocatori per reclamare i pezzi (e i punti) dalla scacchiera. Vengono disposti dei segnalini “Scacchi” sulla scacchiera che rappresentano pezzi degli scacchi con differenti punteggi. A fine partita, chi avrà il punteggio più alto, sarà il vincitore. A ogni turno, grazie alle carte, potete muovere il vostro “Gambetto” (unica pedina a disposizione) come se fosse un diverso pezzo degli scacchi. Giocando la carta “cavallo” ad esempio, muoverete il gambetto ad L, come si muove il cavallo. Giocando la carta “Alfiere”, muoverete il gambetto in diagonale, e così via. Come in una vera partita di scacchi, se il vostro Gambetto termina il suo movimento su un qualsiasi altro pezzo degli scacchi, lo mangia (accumulando quindi i punti indicati). Dovrete però pianificare in anticipo proprio come Beth se volete prevedere le mosse dei vostri avversari e vincere la partita! Si avranno sempre 3 carte coperte davanti a sé, nell’ordine di gioco che si è pianificato. Quando pianificate le vostre mosse, ricordate di prendere in considerazione le mosse potenziali dei vostri avversari. Cercate di mangiare i pezzi più importanti prima dei vostri avversari per rovinare i loro piani! La partita termina immediatamente quando l’ultimo segnalino Scacchi viene mangiato. Ispirato a una serie di grande successo. Mantiene il mood di pianificazione previsione delle mosse avversarie tipiche degli scacchi ma fino a 4 giocatori! Alla portata di tutti poiché più semplice degli scacchi stessi e con meno “pezzi” da gestire.",in biblioteca
Shining,656079,3558380078616,"Avete viaggiato fino a inoltrarvi nel cuore delle Montagne Rocciose per occuparvi dell’imponente struttura, ormai chiusa per la stagione invernale. Tuttavia, non siete soli… La sanguinosa storia dell’Hotel ha fatto sì che alcuni dei suoi ospiti passati divenissero un’aggiunta permanente all’edificio… e con loro, anche le terrificanti visioni che iniziano a corrompere la vostra mente. Sommersi dalla neve, esplorate disperatamente le stanze dell’hotel, cercando di guadagnare abbastanza forza di volontà per sopportare la malvagia influenza intorno a voi. Non c’è limite al peggio: uno di voi è già caduto preda delle terribili forze dell’Hotel e sta agendo segretamente per tenervi qui per sempre. Shining è un gioco di sopravvivenza e suspense. I giocatori saranno i Custodi dell’inquietante Overlook Hotel: dovranno esplorarlo, immergersi nelle sue stanze, tentando di guadagnare abbastanza Forza di Volontà per sopportare ogni mese la sua malvagia influenza. Coloro che falliranno verranno temporaneamente posseduti, attaccando (e forse uccidendo) gli altri giocatori. I Custodi potranno sopravvivere alla terribile forza dell’Hotel soltanto collaborando: vinceranno o perderanno tutti insieme. Questro straordinario gioco da tavolo riesce a riproporre perfettamente l’atmosfera di Shining, proponendo accurate ambientazioni e dinamiche angoscianti. La scatola contiene anche il portachiavi della celebre Stanza 237.",in biblioteca
Block and key,656081,8033532950774,"Pronto alla battaglia per posizionare fino all'ultimo blocchetto, risolvere le carte Chiave e gli Enigmi? Ecco il primo gioco tridimensionale dove ogni giocatore ha un proprio punto di vista! Block and Key è un gioco facilissimo da imparare, rapido e al tempo stesso profondo e intelligente. Si tratta della versione italiana del gioco. Block and Key è un gioco di piazzamento di blocchetti. Ogni giocatore deve riuscire a farli combaciare con i propri obiettivi di gioco (carte indizio). La peculiarità di questo gioco è data dalla sua struttura 3D e dal fatto che ogni giocatore si basa sulla visione 2D della propria prospettiva. Il risultato è intrigante e dà vita a combinazioni e possibilità di gioco mai viste prima!",in biblioteca
Cortex challenge access+,656083,3558380110378,"Scoprite la versione Access+ dei popolari giochi Asmodee, adattata per i giocatori affetti da disturbi cognitivi. Tanti tipi di prove che stimoleranno il vostro cervello! Risolvetele più velocemente degli altri per vincere la partita! Carte più grandi. Le sfide sono state selezionate e l’aspetto grafico è stato uniformato. 2 livelli di difficoltà. Stimola l’attenzione, la memoria, il pensiero e le capacità di calcolo, oltre ad altre funzioni. Include analisi di esperti scientifici per informare medici, assistenti e pazienti sui benefici del gioco e sulle funzioni cognitive che stimola.",in biblioteca
Cascadia,670082,806891590596,"Viaggia verso la lontana terra di Cascadia, con i suoi monti, le foreste e le acque cristalline. Qui, sulle sponde dell'Oceano Pacifico in un clima quasi alpino, dovrete ingegnarvi per creare un habitat naturale che sia il più ospitale e armonioso possibile. Solo chi è più in contatto con il proprio lato ecologico, potrà sperare di vincere.",in biblioteca
That's not a hat,670083,4005556209545,"Un veloce gioco di carte per tutti. Tanto semplice nelle regole quanto accattivante e spassoso. Ricordare la carta davanti a te sembra semplice, non è vero? E se non fosse un cappello? Scambiandovi regali a vicenda cercate di ricordare quale regalo ciascuno di voi ha davanti a sé. Se non ricordi quale carta/regalo hai davanti, è il momento di bluffare in modo convincente. Se vieni scoperto o sbagli riceverei dei punti negativi. Vince il gioco chi alla fine ha il minor numero di punti negativi. Facile da spiegare e giocare, perfetto per serate tra amici e gruppi anche numerosi. Divertente e disimpegnato, un filler perfetto.",in biblioteca
Consequences. Giorni d'oggi,672679,9788832259292,"Con Consequences giocare di ruolo non è mai stato così semplice e divertente! Tre tracce pronte da giocare, ambientate ai nostri giorni. Scegli uno dei Personaggi e in trenta minuti raggiungi il suo Obiettivo! Per giocare a Consequences ti bastano questa scatola e un timer di qualunque tipo.",in biblioteca
Destini Infiniti. La citt  meccanica,672680,9791259540782,"Potrei esplorare una terra misteriosa, combattere mostruosi avversari e svelare antichi misteri grazie a questo librogame interattivo combinato con un gioco di carte. Nei panni di un, o una, combattente con poteri magici e arti arcane, dovrai avventurarti in un continente sconosciuto alla ricerca dei segreti della misteriosa Città Meccanica. A ogni pagina affronterai scelte che decideranno il tuo destino. Se ti troverai a dover combattere, pesca una mano di carte! Il combattimento viene risolto con il mazzo di 52 carte incluso nella scatola... quindi la chiave della vittoria non è la fortuna di un tiro di dado, ma l'abilità nel gioco di carte.",in biblioteca
Storie nere : 50 misteri da risolvere,673649,9788899949129,"Le storie del mistero più cupe. Dovrete scoprire le ragioni di morti misteriose, efferati omicidi, reazioni folli apparentemente immotivate. Da un lato della carta è descritta una situazione, sul retro invece - che leggerà solo il moderatore - c'è la spiegazione. Le regole sono sempre quelle del sì o no: i giocatori devono pervenire alla soluzione interrogando il moderatore con domande a cui si può rispondere soltanto con un sì o con un no.",in biblioteca
Storie nere : 50 misteri da risolvere vol. 2,673651,9788899949181,"Le storie del mistero più cupe. Dovrete scoprire le ragioni di morti misteriose, efferati omicidi, reazioni folli apparentemente immotivate. Da un lato della carta è descritta una situazione, sul retro invece - che leggerà solo il moderatore - c'è la spiegazione. Le regole sono sempre quelle del sì o no: i giocatori devono pervenire alla soluzione interrogando il moderatore con domande a cui si può rispondere soltanto con un sì o con un no.",in biblioteca
Farmerstein : una pazza sfida vegetale,673982,8058773208033,"Gettatevi nei panni di pazzi scienziati alla testa di un’armata di vegetali mutanti! Conquistate il mondo a capo di un’orda d’agguerriti pomodori, letali ravanelli e feroci cetrioli! Collezionate la vostra armata, ostacolate quell’avversaria e conquistate tutti i continenti. Fate però attenzione alle zucchine zombie! I vostri esperimenti le hanno scatenate e minacceranno tutti i vostri piani di conquista! Una pazza sfida vegetale piena di colpi bassi e interazione tra i giocatori.",in biblioteca
Tutankhamun,673983,806891590541,"Con questo gioco, creato dall’eccezionale Reiner Knizia, vi trasportiamo nell’antico Egitto. Il Grande Re Tutankhamon è morto, e si stanno prendendo accordi per riempire la sua tomba con manufatti che viaggeranno con lui nell’aldilà. Assumi il ruolo di Sacerdote e Sacerdotessa che raccoglie, da tutto l’Egitto, artefatti per la tomba del re. Una volta che tutte le parti di un manufatto sono stati trovati, quell’artefatto è posto nella tomba e i sacerdoti che possono prendersi il merito sono autorizzati a donare i fondi per la sua acquisizione. Prepara le tue offerte e invoca l’aiuto di potenti Dei Egizi, mentre risali lungo il Nilo verso la tomba del grande Tutankhamon. Guadagnerai il favore del nuovo Faraone e riuscirai ad essere dichiarato il prossimo Sommo Sacerdote d’Egitto? (https://shop.daltenda.com/)",in biblioteca
Shy monsters,673984,8052080020180,"Un coraggioso cavaliere, uno spietato signore dell'oscurità, un imprevedibile sotterraneo e... un gruppo di mostri particolarmente timidi! Avventuratevi in un dungeon di tessere grazie all'entusiasmante Shy Monsters, una sfida tra un astuto signore dell'oscurità pronto ad utilizzare una miriade di pericolosi mostri per opporsi all'avanzata del valoroso cavaliere che sfida un'atroce morte pur di sconfiggerlo. Tuttavia, i mostri a disposizione del cattivo sono estremamente timidi e riescono a dare il meglio di sé solamente se lasciati soli soletti in mezzo al dungeon e se la stanza in cui sono posizionati è di loro gradimento. Il cavaliere dovrà sfidare i pericoli dei 3 livelli del sotterraneo un piano alla volta, sfidando i 2 mostri lasciati a guardia di ciascuno di essi. Il suo arsenale è estremante risicato, un unico salto ed un'unica stoccata ad ogni piano, il primo passo falso e la sua avventura terminerà in modo spiacevole. Il signore oscuro tesse invece i suoi piani posizionando in modo nascosto le tessere del dungeon a sua disposizione, mostri inclusi, cercando di rispettare il loro pattern di posizionamento per farli attaccare il cavaliere, se questo dovesse entrare incautamente nella loro tessera. Un passo alla volta, il cavaliere dovrà riuscire a raggiungere le scale che lo porteranno al livello successivo, provando ad intuire quali mostri sono stati messi a guardia di ciascun livello in base alla forma del dungeon. Dovrà utilizzare con astuzia e parsimonia le sue abilità, mentre il cattivo potrà bluffare spudoratamente nel posizionamento delle tessere per mandare l'eroe fuori pista. Un'impresa eroica decisamente degna di tal nome, tutto questo è Shy Monsters, sarete abbastanza abili e coraggiosi per raggiungere l'ultimo livello del sotterraneo?",in biblioteca
Dobble classic,402416,3558380014362,"Dobble è più di 50 simboli, 55 carte, 8 simboli per carta e sempre un solo simbolo in comune tra due carte qualsiasi. Sta a voi trovare quale. Dobble comprende 5 mini-giochi basati sulla rapidità (""La torre infernale"", ""Il pozzo"", ""La patata bollente"", ""Prendile tutte!"" e ""Il regalo avvelenato"") in cui tutti i giocatori agiscono allo stesso tempo. Potete giocare i mini-giochi in un ordine specifico, casualmente, oppure potete continuare a giocare sempre allo stesso più volte. L’unica cosa che conta è divertirsi! Indipendentemente dal tipo di gioco, dovete sempre essere i più rapidi a trovare il simbolo identico tra due carte, nominarlo a voce alta e poi prendere la carta, piazzarla o scartarla a seconda delle regole /Ibs.it)",in biblioteca
Carcassonne,646948,8058773208392,,in biblioteca
Ticket to ride Europa,647142,824968717325,,in biblioteca
7 wonders,647533,5425016924112,"7 Wonders è un gioco di carte strategico per 3/7 giocatori incentrato su una meccanica di draft* il cui scopo è costruire la civiltà antica più potente di tutte.
(*Draft = Meccanica in cui ogni giocatore ha una mano di carte, ne sceglie una e passa le restanti a chi gli siede accanto. Si fa questa operazione un certo numero di volte e poi ciascuno gioca con la mano finale ricavata.) Sei il leader di una delle sette città più illustri dell’Antichità. Sviluppa la tua civiltà nel campo militare, scientifico, culturale ed economico, ma fai attenzione ai progressi dei tuoi vicini che condividono le tue stesse ambizioni!",in biblioteca
Splendor,647564,3558380028383,"A capo di una gilda commerciale dovrai investire in miniere, inviare le tue navi nel nuovo mondo e reclutare gli artigiani più famosi. Costruisci un impero commerciale e ricevi la visita di saggi monarchi e clienti dalle infinite risorse per accumulare gloria e prestigio.",in biblioteca
Fantascatti : nuova edizione,648216,8058773205582,"In Fantascatti nuova edizione dovrai essere più veloce dei tuoi avversari ad acchiappare i fantasmi! Quando il giovane Tommy, investigatore specializzato in casi “particolari”, ha sentito dire che nel vecchio maniero si sarebbe potuto nascondere un fantasma dispettoso, non ha avuto dubbi: ha preso la sua fedele macchina fotografica e si è lanciato all’avventura. Tuttavia ottenere una bella foto non sarà facile, dato che quel mattacchione in lenzuolo bianco continua a muoversi e a spostare tutti gli oggetti presenti nel castello. Nel corso della partita, i giocatori svelano le carte e cercano di riconoscere per primi l’oggetto da acchiappare. Riflessi, colpo d’occhio e sangue freddo saranno fondamentali. Ma state attenti…il fantasma è dispettoso e cercherà di confondervi! Qui sotto il video tutorial per imparare a giocare a Fantascatti in un minuto!",in biblioteca
Imagine,648375,8033609531844,"Prendi le carte trasparenti, mettile in sequenza. sovrapponile, spostale a tuo piacimento per fare indovinare agli altri giocatori quello che rappresentano. Ma attenzione! Non puoi parlare, fare rumori, mimare o indicare. Se sarai riuscito nel tuo turno a fare indovinare, tu e chi ha indovinato ottenete un punto. Chi avrà più punti dopo che tutti avranno posto due enigmi avrà vinto.",in biblioteca
Links : Il gioco che unisce le idee,648647,8033324541005,"Se dico giallo e profumato, cosa vi viene in mente? E se dico caldo e morbido? Infinite combinazioni, più di 5 modalità di gioco, 30 secondi di tempo: siete pronti alla sfida di Links? In Links libera la tua immaginazione per trovare la parola più geniale, simpatica, poetica o bizarra che ti viene in mente fra le infinite combinazioni possibili. Scatena il divertimento con gli amici nella sfida a squadre o mettiti alla prova nelle catene di parole di Links Original. Una parola tira l’altra!",in biblioteca
Pozioni esplosive,646965,8033609530939,"Pozioni Esplosive è un boardgame per famiglie (ma adatto anche ai giocatori più seri... sul target di Splendor, diciamo) in cui i partecipanti gareggiano per creare pozioni di vario genere. Fulcro del gioco: la ""pesca"" degli ingredienti dal dispenser mostrato sopra. Si piglia una pallina e poi si verifica se avvengono collisioni tra altre palline dello stesso colore: questo attiva effetti a catena molto positivi. Le palline sono poi piazzate sulle pozioni, ovvero fustelle a forma di ampolla con la ""ricetta"" da un lato e vari forellini: quando tutte le palline richieste sono messe nei forellini la pozione è pronta, viene voltata dal lato ""dipinto"" e le palline usate tornano nel dispenser. Inoltre da ora in poi, oltre a fornire punti, la pozione può essere bevuta per scatenare diversi effetti speciali.",in biblioteca
Dixit : un'immagine vale mille parole!,646966,3558380083481,,in biblioteca
Shadows Amsterdam,646964,3558380051930,"In Shadows Amsterdam vestirete i panni di una squadra di agenti segreti inviati ad Amsterdam per inseguire una banda di sospettati che ha recentemente fatto perdere le sue tracce. Un infiltrato nella banda criminale può tuttavia aiutarvi a raggiungerli, pedinandoli tra le vie della città. In questo gioco di deduzione in tempo reale dovrete riuscire a raggiungere il luogo indicato nella mappa segreta seguendo le criptiche indicazioni dell'infiltrato, l'unico giocatore che conosce l'esatta ubicazione del covo criminale. Variante per 2-3 giocatori gioco cooperativo con App.",in arrivo
Colt Express,647545,8052080020593,"In Colt Express ogni giocatore farà parte di un gruppo di banditi armati fino ai denti, i quali perseguono un solo sporco obiettivo: essere il fuorilegge più ricco della banda! State quindi assalendo l’Union Pacific Express: un treno carico di passeggeri. Dovrete depredare i cittadini dei loro portafogli e dei loro gioielli, sempre mantenendo nervi saldi e schivando i numerosi proiettili. Potrete anche rubare le paghe settimanali della Nice Valley Coal Company, custodite nelle borse attentamente sorvegliate dallo Sceriffo Samuel Ford!",in arrivo
More or less? : quick calculation game,647555,8059591427606,,in arrivo
Funky gallo : il gioco di carte,648248,8032611693618,"Funky Gallo è un gioco semplice e molto interattivo realizzato sull'onda del successo di Happy Salmon! Durante il gioco dovrete nominare uno dei gesti rappresentati su una delle vostre carte, se uno degli altri giocatori nomina lo stesso gesto contemporaneamente potrete festeggiare facendo il gesto indicato e scartando le due carte che avete nominato. Il vincitore sarà colui che per primo sarà riuscito a liberarsi completamente della propria mano di carte! Funky Gallo può essere combinato con Happy Salmon per aggiungere ulteriori risate alla vostra esperienza di gioco.",in arrivo
Time's up! : BIG BOX Party : versione gialla,648659,5425016924679,"Un divertente party-game di rapidità, fantasia e abilità. I giocatori hanno 30 secondi per far indovinare ai propri compagni di squadra il maggior numero di personaggi, film, canzoni, luoghi e oggetti insoliti. 3 diversi round: nel primo i giocatori dovranno far indovinare alla propria squadra le parole segrete fornendo indizi, nel secondo potranno utilizzare esclusivamente una parola e nel terzo potranno solo mimare. Regole semplici e divertimento assicurato per grandi e piccini: riuscirete a prendere fiato tra una risata e l’altra?",in arrivo
Adventure games : L'isola vulcaninca,648712,8058773208194,"Vestite i panni di 4 studenti che si ritrovano protagonisti di un'avventura misteriosa. Il teatro sarà un'isola su cui la natura sembra sfogare tutta la sua rabbia con terremoti, tempeste di grandine e fulmini. L'isola è caratterizzata da tanti animali esotici, ma anche da tanti misteri. Un gruppo di contrabbandieri compie sistematicamente azioni illegali con i violenti cataclismi naturali. Perchè? Immergetevi in questo gioco cooperativo risolvendo enigmi e analizzando reperti.",in arrivo
Smimando : un party game esilarante!,651582,8059591427583,"Un leone che dipinge, un pizzaiolo che si trucca, una gallina innamorata… Sei capace di mimare e far indovinare una serie di soggetti in situazioni imprevedibili? Un party game che vi farà ridere a crepapelle!",in arrivo
Triqueta,651604,8033609532506,"In Triqueta dovrai raccogliere vari animali e raggrupparli in “triqueta”, ovvero in gruppi di esattamente 3 animali. Al termine della partita, ti forniranno punti, ma te ne toglieranno se avrai più di 3 tessere di quel tipo. Una partita è composta di 4 round in cui dovrai rivelare le tessere Animale e disporle. PESCA 1 TESSERA ANIMALE. Pesca una tessera Animale dalla pila e scegli se metterla al centro del tavolo in una fila, oppure se tenerla segreta per te. PRENDI UNA FILA DI ANIMALI. Prendi tutta una fila di animali dal centro del tavolo, e anche la tessera iniziale. Raggruppa gli animali per tipo, in gruppi di 3. Se prendi una fila, termini di giocare il round in corso. Quando ogni giocatore ha preso una fila di animali ed è uscito dal round, il round termina. Al termine del quarto round si procede al calcolo del punteggio. Vince il giocatore con il punteggio più alto.",in arrivo
Puerto Rico 1897,651606,4005556273492,"Siamo nell'anno 1897, Porto Rico cerca di lasciarsi alle spalle l'era del colonialismo e riorganizzarsi per il mondo moderno.
I giocatori si calano nei ruoli di agricoltori portoricani che competono per assumere lavoratori.
Dovrete coltivare canna da zucchero e tabacco, vendere merce preziosa e creare un'importante infrastruttura cittadina.
L'obiettivo è guadagnare il maggior prestigio possibile per la nostra hacienda . La scelta del ruolo da svolgere sarà cruciale in ogni turno perchè anche gli altri giocatori potranno svolgere le azioni del personaggio da voi scelto, ma solo voi potrete ricevere i vantaggi associati a quella carta.
Puerto Rico si svolge in round. Il round termina dopo che ogni giocatore ha scelto una carta Cittadino, e tutti gli altri giocatori ne hanno svolto l’azione associata. Il gioco termina quando: non ci sono abbastanza lavoratori per riempire la Sala di Reclutamento, uno o più giocatori hanno riempito i loro spazi Città, non ci sono più segnalini PV. Il giocatore con il maggior numero di punti vittoria è il vincitore.
Il classico gioco di strategia ora ambientato nella Porto Rico del XIX secolo. La storia del gioco è stata rielaborata e corredata da nuove splendide illustrazioni. (www.lafeltrinelli.it)",in arrivo
Draghetti : arrivano i draghetti!,652426,8809185842670,,in arrivo
Orchard : gioco solitario in 9 carte,652429,8052080020524,,in arrivo
Grove : gioco solitario in 9 carte,652436,8052080020876,,in arrivo
Evergreen,652438,8033609532346,,in arrivo
Dune : un gioco di conquista e diplomazia,652465,9781638840114,"Prendete parte a una delle storie di fantascienza più famose di tutti i tempi. In DUNE prenderete il controllo di una di quattro grandi fazioni (gli Atreides, gli Harkonnen, i Fremen o l’Imperium), e dovrete cercare di strappare il controllo della risorsa più preziosa di tutto l’universo: il mélange, la misteriosa spezia che è possibile trovare solo sul pianeta Dune, e solo se si è disposti a sacrificare ciò che si ha di più prezioso. Trasferite le vostre truppe sul pianeta, raccogliete la spezia, lottate per il controllo delle roccaforti desertiche e distruggete i vostri nemici.",in arrivo
Dama cinese,652483,8422878706310,,in arrivo
Murder Party Pocket. Cala Il Sipario : una nuova indagine per il Commissario Ricciardi : un gioco investigativo,655720,9788890859182,"Murder Party Pocket è un'esperienza di gioco unica e innovativa. Il Commissario Ricciardi, nato dalla geniale penna di Maurizio Di Giovanni che per l'occasione ha scritto un racconto inedito, indaga su un misterioso delitto, ma questa volta i sospettati siete voi! Come in una cena con delitto, dovrete vestire i panni dei personaggi di questo giallo e scoprire la verità. Non fidatevi di nessuno però! Tra di voi ci potrebbe essere il vero assassino!",in arrivo
Citadels : un gioco di intrighi,655723,3558380089315,"In Citadels i giocatori usano i cittadini locali per acquisire monete d’oro e costruire i quartieri che andranno a completare le loro città medievali. Alla fine, il giocatore che ha costruito la città più imponente sarà proclamato vincitore!",in arrivo
Cortex challenge + : the big brain party game,655726,3770004936335,"Metti alla prova tutte le tue capacità intellettuali con Cortex Challenge +. Divertiti a sfidare i tuoi amici in prove tattili, di memoria e tanto altro ancora! Il gioco contiene 170 nuove prove in una questa versione maxi!",in arrivo
Quirky circuits : robottini all'avventura,656077,3558380094555,"In una partita a Quirky Circuits, i giocatori lavoreranno insieme per impartire dei comandi a un amico robot per poter realizzare l’obiettivo specifico di uno scenario prima che “la batteria” si esaurisca.
Partendo con una mano di carte, i giocatori affronteranno una prima fase di programmazione, mettendo giù le carte dei movimenti relativi che vorranno far fare al robottino (a faccia in giù).
Non si può parlare ma il retro delle carte fornisce un’indicazione sul tipo di azione riportata e bisogna coordinarsi per riuscire a far muovere il robottino secondo quello che è l’obbiettivo dello scenario.
Successivamente le carte verranno rivelate e il robottino si muoverà di conseguenza, per passare poi al round successivo.
I giocatori vincono se riescono a portare a termine lo scenario prima che il tempo, rappresentato dall’indicatore batteria, si esaurisca!",in arrivo
Le cronache di Avel,656078,5902650616400,"Eroi ed eroine! Benvenuti ad Avel, terra di incredibili luoghi e creature, circondata da decine di magiche lune. Avel ha bisogno del vostro aiuto! Kurodar, la Luna Oscura, si è levata in cielo e l’antico potere che emana ha risvegliato le forze del male. Solo veri eroi ed eroine saranno in grado di proteggere il tesoro più prezioso di Avel, il Gioiello Guaritore, dalla distruzione. Riuscirete a salvare Avel? Create il vostro personaggio. Combattete i mostri. Ottenete monete ed equipaggiamento. Esplorate il territorio. Preparatevi a incontrare la Bestia. Sconfiggete i vostri nemici e salvate il castello. Le Cronache di Avel è un gioco collaborativo dove da 1 a 4 eroi esploreranno la mappa, combattendo mostri, equipaggiandosi al meglio e cercando di rafforzare le protezioni attorno al castello di Avel, per impedire che venga invaso dalle forze del male, in particolare dalla grande Bestia. (Ibs.it)",in arrivo
Oak,656080,8034055584286,"Al centro di una vasta, ma celata foresta, si erge una possente Quercia Sacra, un albero maestoso che era già una tenera piantina agli albori del mondo. Si narra che dal suo legno gli antichi abbiano creato i primi animali e gli esseri umani.
In Oak siete a capo di uno dei quattro diversi Ordini druidici. Il vostro obiettivo è quello di rendere onore alla Sacra Quercia in modo da essere scelti per apprendere gli antichi segreti. Usate abilmente le vostre carte Consiglio per eseguire potenti azioni nei Templi che circondano la Sacra Quercia o ottenere ricompense in risorse e PV risalendo lungo i suoi rami. Evocate Creature magiche, che vi conferiranno abilità permanenti, o acquisite Artefatti mistici, che vi daranno accesso ad esclusive azioni speciali. Potrete anche costruire Santuari o Menhir per migliorare ed espandere il vostro Ordine. Sarete in grado di dimostrare alla Sacra Quercia che il vostro Ordine è il più degno? Riuscirete ad accedere ai segreti degli Antichi?",in arrivo
Project L,656082,3558380084525,I giocatori iniziano la partita con una scorta di due pezzi. Useranno questi pezzi per completare i puzzle e ottenere così punti vittoria e nuovi pezzi che li aiuteranno a completare puzzle con ricompense sempre più alte.,in arrivo
Radio Victory : vite e ruoli in gioco nella Resistenza Italiana,673654,9788859040910,"Immergiti in prima persona nella vita quotidiana di partigiane e partigiani durante la Lotta di Liberazione. Le vicende dei personaggi, reali, sono narrate tramite 5 storie a bivi, da giocare simultaneamente: le scelte di ciascuno influenzano le storie degli altri e gli eventi di Radio Victory possono prendere strade leggermente diverse, pur storicamente plausibili. Radio Victory è uno gioco educativo ideale per introdurre ragionamenti sui temi della Lotta di Liberazione durante la Seconda Guerra Mondiale, il protagonismo delle donne, la durezza della vita materiale e il ruolo dell’Intelligence alleata. Perché usare Radio Victory? 1. Radio Victory è un gioco flessibile che può far giocare da 1 a 30 partecipanti, per coinvolgere grandi gruppi con una sola copia del gioco. 2. È facile da inserire nelle attività scolastiche, in un evento di public history o in una serata di gioco tra amici. Radio Victory può essere giocato in 1 ora, con una preparazione di circa 15 minuti. Al termine si consiglia una sessione di debriefing di circa 30 minuti. 3. Radio Victory cattura lo spirito di un gioco di ruolo, ma senza master. Non è necessario essere un giocatore esperto per facilitare questo gioco: Radio Victory fornisce tutte le indicazioni necessarie a guidare i giocatori.",in arrivo
La corsa dei colori : il gioco di percorso in cui non serve contare,673657,9788859037507,"Siete pronti per la gara di velocità più colorata del pianeta? Sei buffi marziani alle prese con colori, forme e un pizzico di strategia… chi sarà il vincitore di questa divertente sfida? Il percorso, da comporre a piacimento, consente 4 modalità di gioco che introducono gradualmente competenze strategiche. La presenza di carte con le sequenze del turno e l’uso del colore per far avanzare le pedine, sono elementi che agevolano la giocabilità di tutte e tutti, per garantire il divertimento indipendentemente dall’età e dalle abilità di ciascuno. Età di lettura: da 4 anni.",in arrivo
Unstable Unicorns kids,673659,3558380109709,"Unstable Unicorns Kids è un gioco di carte che introduce i giocatori più giovani al magico mondo degli unicorni e dei giochi di strategia. Un gioco per 2-6 giocatori, dai 6 anni in su, con nuovi personaggi e illustrazioni adorabili… I bambini lo ameranno!",in arrivo
Taco party torta pacco pizza,673660,8033609532230,"Taco Party Torta Pacco Pizza! Fissate bene a mente queste 5 parole. Appare una carta con l’immagine della parola dichiarata? Colpite con la mano velocemente la Pila centrale. L’ultimo raccoglie tutto! Siate vigili e osservatori per sbarazzarvi di tutte le vostre carte! Il minimo errore vi costerà carte di penalità: nessuna finta, nessuna esitazione è permessa in questo gioco di carte frenetico e divertente. Stessa meccanica di “Taco Gatto Capra Cacio Pizza”, ma con parole e carte speciali nuove per un’altra esperienza “Taco”.",in arrivo
Villainous. Infinite power,673661,4005556269853,"Che Cattivo vuoi essere? Domina l’Universo Marvel nei panni di uno dei suoi iconici Cattivi! Segui il tuo malvagio percorso verso la vittoria, sfruttando abilità sinistre per battere gli altri Cattivi e i potenti eroi che pullulano l’universo. Scegli fra Thanos, Hela, Ultron, Killmonger o Taskmaster e compi il tuo oscuro destino! In questo gioco ogni giocatore assume il ruolo di uno dei cinque Cattivi Marvel, ha i propri poteri e obiettivi, ed affronta gli Eroi più forti della Terra: Iron Man, Thor, Hulk, Vedova Nera, Pantera Nera, Capitan America, Spider-Man e altri. È perfetto per chi ama i giochi da tavolo, per le famiglie e i fan di Marvel e Disney, è ideal per qualsiasi serata di gioco ed è un incredibile idea regalo i fan della Marvel. L'ottima qualità dei materiali, l'accuratezza nelle illustrazioni delle carte e plance di gioco, e il design accattivante delle pedine lo rendono un regalo ottimo per gli appassionati Marvel che vogliono rivivere le scene dei grandi classici.",in arrivo
Elfenland de luxe,673662,8058773200204,,in arrivo
Smemorell. Il memo degli Umarells,677542,9788833647272,"Smemorell è un libro-gioco perfetto per chi vuole divertirsi a scoprire il mondo degli umarells. Curato da Danilo Masotti e illustrato da Squiz, insegna tutto quello che c'è da sapere su di loro. Il cantiere, la panchina, le bocce, gli attrezzi da lavoro... uno sguardo sul mondo che è davvero uno stile di vita. E con le tessere allegate possiamo anche tenere allenata la memoria, che ce n'è sempre bisogno!",in arrivo
"Speedy word : nomi, cose, citt ...",677543,7290014864221,"Vuoi divertirti al tradizionale e sempre divertente gioco di nomi, cose, città? Con SPEEDY WORDS puoi farlo in modo divertente e nuovo: gira la carta e guarda quale lettera ha lo stesso colore del simbolo sull’altra carta… dovrai trovare il nome di un animale con la P, di una professione con la C e tanti altri!",in arrivo
Fino a prova contraria : la collana del cielo stellato,677545,8032611690594,"GIOCO NARRATIVO E COOPERATIVO. A ogni turno, leggete la carta Accusa e scegliete una Prova con cui controbattere. Inserite il numero della prova nella web app e leggete il risultato. Se sbagliate, alcuni giurati potrebbero schierarsi con il vostro avversario. ISPIRATO ALLE VISUAL NOVEL, ALLE SERIE TELEVISIVE E AI VIDEOGIOCHI A TEMA GIUDIZIARIO. Vestite i panni di un brillante avvocato, ancora alle prime armi, coinvolto in complicati processi penali. Sarete in grado di aiutare Peter a difendere il suo assistito? ADATTO A TUTTI. Da giocare con amici o in solitario. NECESSITA DI UNA CONNESSIONE A INTERNET. Il sito web del gioco ti aiuta con istruzioni e indizi durante la partita, nonché dettagli sull'opinione mutevole della Giuria rispetto all’imputato!",in arrivo
Duck & Cover,677548,5407009610240,"Paperelle pirata, paperelle fantasma, paperelle poliziotto, paperelle astronauta, paperelle storiche. Non c'è niente che questi incredibili pennuti non sappiano fare! Forse una cosa: evitare gli schizzi d'acqua nella vasca da bagno!",in arrivo
Pop!,677551,8057960380088,"OP! è un gioco da tavolo che porta i giocatori in un mondo vibrante e colorato, dove una grande festa è in arrivo. L'atmosfera è elettrica e l'attesa è già alle stelle. Tuttavia, c'è un pericolo in agguato: quando due colori identici si trovano uno accanto all'altro, esplodono, rischiando di innescare una reazione a catena. I giocatori assumono il ruolo di Guardie, responsabili di organizzare i colori in modo strategico per garantire che la festa si svolga senza intoppi. Con abilità e deduzione, dovrete evitare che l'evento si trasformi in un disastro prima ancora di iniziare.",in arrivo
Stampfarm,677554,8032611696091,"StampFarm ti invita a unirti a Sally nella sua avventura di riordino nella fattoria. Immergiti in un universo dove gli animali della fattoria prendono vita attraverso timbri colorati e vivaci. Ogni partita è un viaggio unico e coinvolgente, in cui il tuo obiettivo è aiutare Sally a mettere ogni animale al posto giusto. Questo gioco da tavolo offre un'esperienza narrativa e visiva che cattura l'immaginazione di grandi e piccini, rendendolo perfetto per serate di gioco per famiglia.",in arrivo
Lost in adventure : il labirinto di Dedalo,677557,8032611690624,"Immergiti in un'avventura epica con Lost in Adventure - Il Labirinto di Dedalo. In questo viaggio tra mito e realtà, sarai chiamato a esplorare i corridoi del leggendario labirinto alla ricerca del Minotauro. Tra segreti svelati e sfide d’astuzia, vivrai un'esperienza unica in un mondo dove la storia antica prende vita.",in arrivo
"Alibi, 3 delitti intricati. Sei proprio tu l'assassino?",677559,9788894957501,"Siete i principali sospettati di un omicidio! Tra di voi si nasconde l’assassino, di cui nessuno conosce l’identità fino alla fine, nemmeno il giocatore che lo interpreta.
Vivi un giallo in prima persona, pronto da giocare ovunque tu sia. Smaschera il colpevole o fornisci il tuo alibi, una carta alla volta.",in arrivo
13 foglie,677562,8034055587089,,in arrivo
Cluedo : edizione premium,683728,5010994153892,"Il gioco da tavolo Cluedo Edizione Premium è una meravigliosa edizione del popolare gioco da tavolo. In questa edizione premium, è possibile tenere segrete le investigazioni e scoprire nuovi angoli della villa grazie alle coperture per il blocchetto per gli appunti. I giocatori cercano di capire chi ha commesso il delitto nella villa, l'arma utilizzata e in quale stanza è stato commesso.",in arrivo
