TITOLO,GIOCATORI,CONSIGLIATO A,BREVE DESCRIZIONE,TIPOLOGIA,COMPONENTI,STATO,RECORD_ID,EAN
Bloom Town,2 – 4,👨‍👩‍👧 Famiglia,Costruite la città più bella selezionando e piazzando tessere colorate. Ogni scelta modella il vostro skyline: ma attenti a non lasciare buchi!,Drafting di tessere · Piazzamento · Costruzione città,"1 Plancia Piazza Cittadina · 4 Plance Città (a due facce) · 4 Gettoni Bonus · 1 Segnalino Primo Giocatore · 65 Tessere Edificio (13 per tipo: Uffici, Metro, Parchi, Case, Negozi) · 10 Tessere Comunità (2 per tipo) · 70 Gettoni Punti Sviluppo (valori 1/3/10/20)",in arrivo,,
Meepleland,2 – 4,👨‍👩‍👧 Famiglia,"Un parco divertimenti da costruire meeple dopo meeple. Acquistate attrazioni, attirate visitatori e battete la concorrenza con il parco più frequentato.",Piazzamento tessere · Gestione risorse · Area management,"4 plance individuali Spazi · 1 plancia Parcheggio · 4 tessere ampliamento Spazi · 4 tessere Ingressi Parco supplementari · 101 tessere Attrazione/Servizi (32 piccole con pubblicità sul retro, 40 medie, 29 grandi) · 17 tessere bus · 124 segnalini Visitatore (35 verdi, 35 blu, 30 rosa, 24 gialli) · 1 gettone Biglietti del parco (1o giocatore) · 1 indicatore di manche · 52 tagli di denaro (33 da 1$ e 19 da 5$) · 4 Ingressi giocatore (2 Colonne + Insegna per giocatore) · 1 blocchetto segnapunti",in arrivo,,
Tang Garden,1 – 4,🎲 Appassionati,"Un giardino cinese da sognare: tessere dipinte, lanterne, alberi e pesci dorati. Un'esperienza visiva e strategica di rara bellezza.",Piazzamento tessere · Punteggio di area · Raccolta set,1 regolamento · 1 plancia Giardino · 1 tessera iniziale (fronte/retro) · 60 tessere Giardino · 54 carte Decorazione · 60 monete · 16 tessere Lanterna · 4 tessere Lanterna Solo · 4 plance Giocatore · 12 carte Personaggio · 12 figure Personaggio · 8 grandi tessere Paesaggio · 12 piccole tessere Paesaggio · 8 grandi gettoni Paesaggio · 8 piccoli gettoni Paesaggio · 36 decorazioni · 12 cubi · 4 gettoni Personaggio · 1 gettone Ingegnere (primo giocatore) · (regolamento in francese),in arrivo,,
Hippocrates,1 – 4,🏆 Esperti,"Gestite un ospedale nell'Antica Grecia. Ogni paziente ha le sue esigenze, ogni medico le sue specialità. Cura e strategia per conquistare la gloria di Ippocrate.",Piazzamento lavoratori · Gestione risorse · Piazzamento tessere,"1 Tabellone bifacciale · 6 dadi Welcome · 90 Fiale Medicina (30 Pozioni, 30 Erbe, 30 Unguenti) · 60 Monete Dracma (20 da valore 2, 40 da valore 1) · 12 gettoni Assistente (4 per ciascuno dei 3 tipi) · 30 Kit Medicina · 30 Tessere Conoscenza · 72 Pazienti (12 per ciascuna delle 6 regioni) · 30 Dottori (5 per ciascuna delle 6 regioni) · 4 Plance Giocatore · 4 Dottori Base · 4 Segnalini Welcome · 4 gettoni Opzione · 4 Segnalini Reputazione · 4 Segnalini Punti Vittoria · 4 gettoni 50/100+ PV (1 per colore) · (regolamento in inglese)",in arrivo,,
Rune Stones,2 – 4,🎲 Appassionati,"Antiche rune, spiriti e magie. Raccogliete carte, evocate creature e costruite la fonte di potere più formidabile tra tutti gli stregoni.",Drafting di carte · Costruzione motore · Raccolta set,"1 Tabellone · 68 carte Creatura · 8 carte Drago bianche (num. 71-78) · 60 carte in blu/giallo/verde/rosso (num. 11-70) · 28 Artefatti (7 per colore) · 8 Artefatti Jolly · 20 pezzi Minerale · 24 Rune · 24 gettoni Azione (3 per ciascuno di 8 tipi) · 60 Gemme (15 per colore) · 15 Gemme Jolly bianche · 1 segnalino Primo Giocatore · 1 dado · 1 Trono · 1 regolamento · Per ogni giocatore (4 colori): 1 Plancia, 1 carta riassuntiva, 8 carte Druido (num. 100-107), 1 segnalino punteggio · (regolamento in inglese)",in arrivo,,
Visconti del Regno Occidentale,1 – 4,🏆 Esperti,Intrigo e potere nel Medioevo: costruite la vostra rete di influenza tra nobili e cortigiani. Un gioco di gestione e astuzia ambientato in un'Europa in fermento.,Piazzamento lavoratori · Gestione mano · Influenza di area,"72 Risorse (24 Calamai, 24 Ori, 24 Pietre) · 35 Manoscritti · 1 Castello · 1 Segnalino Primo Giocatore · 4 Plance Giocatore · 5 Sezioni di Tabellone · 4 Segnalini Corruzione · 4 Segnalini Reputazione · 50 Monete · 80 Lavoratori (20 per colore) · 4 Visconti (1 per colore) · 12 Sedi Corporazioni (3 per colore) · 12 Empori (3 per colore) · 12 Officine (3 per colore) · 16 Carte Giocatore · 4 Carte Bonus Sacerdote · 32 Carte Cittadino Iniziale · 10 Carte Cittadino Eroe · 68 Carte Cittadino Neutrale · 1 Carta Signore del Castello · 1 Carta Prosperità · 1 Carta Povertà · 30 Carte Contratto · 30 Carte Debito · 4 Carte Moltiplicatore · 1 Carta Riassuntiva (solitario) · 8 Carte Intrigo Iniziale (solitario) · 8 Carte Intrigo Futuro (solitario)",in arrivo,,
Dungeonology,2 – 4,🎲 Appassionati,"Non siete guerrieri, siete studiosi! Esplorate il dungeon come accademici: raccogliete conoscenza sulle creature e presentate la tesi migliore per vincere la cattedra.",Esplorazione · Gestione mano · Movimento su mappa,4 Miniature Studenti · 1 Miniatura Boss Laetus · 1 Carta del Boss · 1 Plancia del Campus · 3 Carte Panico · 3 Carte Allerta · 3 Carte Clan · 1 Sacchetto dell'Università · Miniature Matricole (40 Normali + 5 Omega) · 64 Cubi Informazione · 19 Plance delle Zone · 105 Carte Trucchetto · 16 Mazzo Randomizzatore · 15 Carte Sfiga · 10 Carte Specializzando · 4 Bacheca · 4 Carte degli Studenti · 36 Segnalini,in arrivo,,
New York Zoo,2 – 5,👨‍👩‍👧 Famiglia,"Costruite il vostro zoo a Manhattan un recinto alla volta, piazzando poligoni di animali con precisione. Pregate che i vicini non vi fregino lo spazio migliore!",Piazzamento poliomini · Drafting di tessere,"TESSERE ATTRAZIONE (puzzle): 16 da 1 spazio, 6 da 2, 6 da 3, 2 da 4, 1 da 6, 1 da 8 · TESSERE RECINTO (puzzle): 8 verde chiarissimo (4 spazi), 15 verde chiaro (5), 15 verde scuro (6), 7 verde scurissimo (7) · 8 plance zoo bifacciali · 1 striscia azioni · PEDINE ANIMALE: 28 suricati, 26 fenicotteri, 24 canguri arboricoli, 24 pinguini, 24 volpi artiche, 1 elefante · 2 tessere animale da 3 per ogni tipologia · 1 gettone Prova bianco · 5 segnalini azzurri movimento (solitario)",in arrivo,,
The Hunger,2 – 6,👨‍👩‍👧 Famiglia,"Siete vampiri in corsa contro l'alba: cacciate vittime per guadagnare potere, ma tornate al castello prima del sole. Chi è troppo goloso perde tutto.",Drafting di carte · Gestione mano · Spingi la sorte,"122 carte Caccia (80 Umani, 22 Famigli, 20 Poteri) · 6 schede Vampiro · 6 mazzi Iniziali da 6 carte (1 per Vampiro) · 6 segnalini Vampiro in legno · 50 tessere Missione · 1 segnalino Luna · 3 carte Rosa · 1 Tabellone · 5 segnalini Castello · 26 segnalini Bonus · 1 Tracciato Caccia/Castello (da assemblare in base ai giocatori)",in arrivo,,
Woodcraft,1 – 4,🏆 Esperti,Siete artigiani del bosco che trasformano legno e dadi in capolavori su ordinazione. Un intricato puzzle di risorse dove ogni taglio può fare la differenza.,Manipolazione dadi · Gestione risorse · Piazzamento lavoratori,"1 plancia ruota principale · 4 plance giocatori · 1 tabellone segnapunti · 1 foglio aiuto effetti autori · 7 tessere azione · 8 tessere vaso · 12 tessere assemblaggio · 4 tessere incollaggio · 9 segnalini riutilizzo-tessera · 3 tessere tracciato reputazione · 12 tessere sega · 1 tessera ad arco · 1 carta primo giocatore · 55 segnalini attrezzo · 20 segnalini scarti di legno · 16 segnalini lama della sega · 16 segnalini colla · 16 segnalini lanterna · 1 indicatore del Round · 8 indicatori + 8 segnapunti per ciascuno dei 4 colori · 14 dadi per ciascuno dei 3 colori (verde, giallo, marrone) · segnalini mirtillo di vario valore (3/5/10) · 32 carte ordine inizio partita · 32 carte ordine partita inoltrata · 27 carte aiuto inizio partita · 22 carte aiuto partita inoltrata · 8 carte ordine nocciola · 8 carte contratti pubblici · 10 carte per il solitario · 1 regolamento",in arrivo,,
Sock Monsters,2 – 5,🧒 Bambini,I calzini scompaiono sempre nella lavatrice... per colpa dei mostri! Un gioco veloce e coloratissimo dove i bimbi devono acchiapparli prima che fuggano.,Memoria · Movimento su griglia,1 scacchiera 3D · 36 tessere parquet (quadrate) · 16 segnalini ricerca (rotondi) · 4 schede elfo · 40 calzini (8 per ciascuno dei 5 colori) · 1 sacchetto · 4 pedine elfo · 4 mostrini in plastica · 1 dado mostro · 1 foglio adesivi · 1 manualetto regole · 1 manualetto varianti · 1 inserto casa con 4 stanze chiuse,in arrivo,,
Railroad Ink Rosso,1 – 6,👨‍👩‍👧 Famiglia,Ogni turno si lanciano i dadi e tutti disegnano strade e ferrovie sulla propria mappa. Chi costruirà la rete più efficiente per collegare le città?,Tira e scrivi · Costruzione rete,6 plance · 4 dadi Percorso · 2 dadi Lava · 2 dadi Meteora · 6 pennarelli · (Blazing Red Edition),in arrivo,,
Railroad Ink Blu,1 – 6,👨‍👩‍👧 Famiglia,"Come la versione Rosso, ma con nuove rotte speciali. Stessa matita, stesso tabellone personale, nuove sfide da tracciare.",Tira e scrivi · Costruzione rete,6 plance · 4 dadi Percorso · 2 dadi Fiume · 2 dadi Lago · 6 pennarelli · (Deep Blue Edition),in arrivo,,
Lo Scatto Perfetto,2 - 4,🧒 Bambini,Fotografate animali selvatici sovrapponendo carte-obiettivo ai paesaggi. Occhio al raro Yeti nascosto tra le tessere: catturarlo vale punti bonus!,Piazzamento carte · Raccolta set,1 plancia di gioco (con istruzioni montaggio) · 40 carte Paesaggio · 104 tessere Foto · 34 carte Album · 1 segnalino 1o giocatore · segnalini Scatto Perfetto · 1 regolamento,in arrivo,,
MindUp!,3 - 6,👨‍👩‍👧 Famiglia,"Tutti rivelano una carta nello stesso momento, si forma una fila in ordine crescente e ognuno raccoglie le conseguenze. Semplice in teoria, subdolissimo in pratica.",Azione simultanea · Gestione mano,Ancora incellofanato: componenti da contare a mano al ritiro,in arrivo,,
Hats,2 – 4,👨‍👩‍👧 Famiglia,"Un elegante gioco di carte tascabile: cappelli colorati da abbinare, collezioni da completare e avversari da frenare. Tutto in pochi minuti.",Gestione mano · Costruzione schema · Raccolta set,42 carte Cappello (7 colori) · 1 plancia Tavolino da Tè · 1 Tovagliolo punteggio · 1 pennarello cancellabile · 1 Biscotto (non commestibile),in arrivo,,
Sobek 2 giocatori,2,👨‍👩‍👧 Famiglia,Duello teso nell'antico Egitto: raccogliete tessere lungo le rive del Nilo e costruite collezioni per il dio coccodrillo. Strategia pura per due.,Drafting di tessere · Raccolta set,1 plancia Mercato · 13 gettoni Piroga · 1 sacchetto Deben + 13 gettoni Deben · 1 Ankh · 2 schede Aiuto Giocatore · 10 tessere Iniziali (retro grigio) · 45 tessere Merce (retro nero) · 10 tessere Personaggio (retro rosso) · 2 plance Corruzione · 2 gettoni Punteggio,in arrivo,,
Gasha,2 – 5,🧒 Bambini,"Infilate monetine e girate la manovella: le macchine gasha dispensano sorprese! Collezionate il set completo prima degli avversari, ma ogni estrazione è un'incognita.",Spingi la sorte · Raccolta set,"75 Carte Gasha (15 Ragazza Magica, 15 Kitsune, 15 Robot, 15 Rapa, 15 Sushi) · 35 Carte Premio · 15 Segnalini Bonus",in arrivo,,
Corinth,2 – 4,👨‍👩‍👧 Famiglia,"Nell'antica Grecia commerciate con ogni porto del Mediterraneo. Lanciate i dadi, scegliete risorse e costruite la rotta commerciale più redditizia.",Drafting di dadi · Costruzione rotte · Punteggio di area,1 blocco fogli Giocatore · 1 plancia Porto · 9 dadi bianchi · 3 dadi gialli · 1 regolamento · (regolamento in tedesco),in arrivo,,
Orbis,2 – 4,👨‍👩‍👧 Famiglia,"Siete divinità che plasmano un mondo raccogliendo piastrelle di terra, acqua, cielo e foresta. Ogni scelta crea magia... o la nega al dio accanto a voi.",Drafting di tessere · Piazzamento · Gestione risorse,"10 tessere Divinità · 65 tessere Regione (20 liv.1, 20 liv.2, 25 liv.3) · 100 Adoratori (20 per ciascuno dei 5 colori) · 18 segnalini Annullamento · 5 segnalini Riduzione (1 per colore) · 5 segnalini Tempio · 1 Regolamento",in arrivo,,
Conspiracy,2 - 4,👨‍👩‍👧 Famiglia,"Un gioco di intrighi, alleanze e tradimenti dove nessuno può fidarsi di nessuno. Le carte cambiano ogni partita, le amicizie anche.",Gestione mano · Bluff,60 carte Nobile (12 per ciascuna delle 5 Razze) · 24 carte Luogo · 20 gettoni Stemma (4 set in 5 colori) · 1 segnalino Maestro delle Perle · 1 carta Tracciato delle Perle · 1 segnalino Tracciato delle Perle,in arrivo,,
Yokai,2 – 4,👨‍👩‍👧 Famiglia,Un cooperativo silenzioso: i giocatori non possono parlarsi ma devono riordinare le carte degli spiriti giapponesi per colore. Comunicare senza parole è molto più difficile del previsto.,Cooperativo · Comunicazione limitata · Gestione carte,16 Carte Yokai · 14 Carte Suggerimento · 6 Carte Affinità · 3 Carte Obiettivo,in arrivo,,
Wild Space,2 – 5,👨‍👩‍👧 Famiglia,Siete esploratori galattici che mandano astronavi verso pianeti inesplorati. Un gioco di carte agile dove costruire la flotta giusta al momento giusto è tutto.,Drafting di carte · Gestione mano · Costruzione motore,"108 carte Equipaggio (60 Specialisti, 24 Emissari, 18 Robot, 6 Capitani) · 10 tessere Pianeta · 25 segnalini Nave Spaziale (5 per giocatore) · 5 segnalini Veterano (1 per giocatore) · 1 Blocchetto Segnapunti · 12 carte Pianeta Ostile (solitario) · 1 Regolamento",in arrivo,,
Zefiro,2 – 4,👨‍👩‍👧 Famiglia,"Una regata a vela nel Mediterraneo: manovrate il vento, sfruttate le correnti e tagliate il traguardo per primi. Elegante e teso come una vela ben gonfia.",Corsa · Gestione vento · Dadi,"5 carte Spirito del Vento · 5 pedine Spirito del Vento · 7 carte Tempesta · 25 carte Isola · 6 carte Griglia · 13 Gemme di Zefiria (6 rosse, 7 viola) · 4 carte Mappa di Zefiria · 1 carta Tracciato del Tempo (fronte/retro)",in arrivo,,
Pandemic Reazione Rapida,"2 – 4
cooperativo",👨‍👩‍👧 Famiglia,"Il mondo è in pericolo e il vostro team deve rispondere in tempo reale! Correte contro il cronometro, sorvolate il globo e distribuite medicine. Cooperativo e adrenalinico.",Cooperativo · Tempo reale · Gestione mano,24 Dadi (6 per ciascuno dei 4 colori) · 4 Pedine Giocatore (1 per colore) · 20 Casse di Scorte (4 per ciascuno dei 5 colori) · 1 Segnalino Aereo con piedistallo · 24 Carte Città · 7 Carte Ruolo · 4 Carte di Consultazione · 15 Carte Crisi · 1 Tabellone dell'Aereo · 1 Clessidra (2 minuti) · 9 Segnalini Tempo · 1 Segnalino Scorie,in arrivo,,
CocoRido All'Arrembaggio,3 – 10,🧒 Bambini,"I pirati sono arrivati! Il party game esilarante di Coco Rido si veste da corsaro. Risate, follia e un pizzico di pepe per animare ogni serata.",Party · Gestione mano · Azione simultanea,Solo carte (numero non fornito),in arrivo,,
Spirit of the Forest,"2 – 5
con variante cooperativa",👨‍👩‍👧 Famiglia,La foresta è minacciata dagli umani: giocate insieme per proteggere gli animali e gli spiriti che la abitano. Un cooperativo dai colori bellissimi.,Cooperativo · Piazzamento tessere · Punteggio di area,"BASE: 48 Tessere Spirito, 14 Segnalini Favore, 12 Gemme, 1 Carta Eremita · ESPANSIONE MOONLIGHT: 8 Moonlight bits, 2 Nocturnal Creatures (1 Shadow + 1 Light), 14 Moonlight tiles, 4 Eclipse tokens, 1 Moonlight scorepad, 15 Enchantment cards, 1 Competitive player aid card, 8 Moonlight cards, 8 Objective cards · (include espansione Moonlight, in inglese)",in arrivo,,
Draftosaurus,2 – 5,🧒 Bambini,Costruite il vostro parco di dinosauri scegliendo esemplari da un sacchetto comune. Ogni specie ama ambienti diversi: troverete il posto giusto per tutti?,Drafting · Piazzamento tessere,5 plance Zoo (lato estate e lato inverno) · 60 dinosauri (10 per 6 specie differenti) · 1 dado Piazzamento · 1 sacchetto di pesca,in arrivo,,
Welcome to New Las Vegas,1 – 100,👨‍👩‍👧 Famiglia,"Siete urbanisti al lavoro sulla Strip: girate carte, scrivete numeri sulla mappa e costruite l'isolato più scintillante di Las Vegas. Tutti giocano in contemporanea, anche in cento!",Gira e scrivi · Raccolta set · Costruzione schemi,"1 Blocco segnapunti (fronte città / retro punteggio) · 81 carte Casinò (16 Inaugurazione, 16 Costruzione, 16 Limousine, 17 Spettacolo, 16 Miglioramento) · 21 carte Progetto · 8 carte Solitario (3 Progetto Approvato + 5 Architetto ACME)",in arrivo,,
Villagers,1 – 5,👨‍👩‍👧 Famiglia,"Un villaggio medievale da costruire carta dopo carta: attirate artigiani, costruite case e create la comunità più prospera. Un gioco di carte narrativo e piacevolissimo.",Drafting di carte · Costruzione motore · Tableau building,"5 Carte Piazza del Villaggio · 5 Carte Riepilogo · 5 Fondatori · 6 Paesani della Strada Iniziale · 30 Paesani Base (Tagliaerba, Minatori, Mietitori) · 94 Carte Paesano · 2 Carte Mercato · 150 Segnalini Moneta in vari tagli · Carta Primo Giocatore · Carta Fine Fase Acquisizione · SOLITARIO: 24 Carte Evento + Carta Contessa + Carta Giullare",in arrivo,,
21 Giochi Minuti,2+,👨‍👩‍👧 Famiglia,"21 giochi diversi in una scatola, ognuno da giocare in circa un minuto. Da quelli per due a quelli da party: il compagno di viaggio perfetto.",Varie (21 mini-giochi),"21 Carte Arcipelago · 4 Dischi neri · 4 Dischi bianchi · 1 Dado · 1 Sacchetto di stoffa · 60 Cubi in 6 colori (10 per colore: giallo, rosso, verde, blu, bianco, nero)",in arrivo,,
Once Upon a Castle,2 – 4,🧒 Bambini,"C'era una volta un castello tutto da costruire: un gioco per bambini fatto di torri, draghi e fantasia. Semplice da imparare, pieno di sorprese.",Piazzamento tessere · Cooperativo,1 blocco da disegno castello (fronte/retro) · 4 set di 10 gettoni colorati · 4 plance individuali (fronte/retro) · 2 dadi · 36 carte Invitati (16 Piccoli Costruttori + 20 Grandi Architetti),in arrivo,,
NobiNobi GDR Spada,1 – 5,👨‍👩‍👧 Famiglia,"Un GDR narrativo ispirato ai manga fantasy: create storie di spade e avventure insieme, senza bisogno di un master esperto. Tirate i dadi e inventate!",Narrativo · Gioco di ruolo · Tiro di dadi,8 carte Personaggio · 20 Carte Luce · 20 Carte Ombra · 8 carte Introduzione · 40 carte Scena · 8 carte Epilogo · 1 Carta Master · 1 Carta Protagonista · 1 Carta riferimento · 2 carte Oggetti/Nemici · 6 dadi a 6 facce · 1 Regolamento,in arrivo,,
NobiNobi GDR Magia,1 – 5,👨‍👩‍👧 Famiglia,"Come Spada, ma in versione magica: bacchette, incantesimi e segreti da svelare in una storia inventata insieme. Perfetto per chi sogna di fare il mago.",Narrativo · Gioco di ruolo · Tiro di dadi,8 carte Personaggio · 20 Carte Luce · 20 Carte Ombra · 8 carte Introduzione · 40 carte Scena · 8 carte Epilogo · 1 Carta Master · 1 Carta Protagonista · 1 Carta riferimento · 2 carte Oggetti/Nemici · 6 dadi a 6 facce · 1 Regolamento,in arrivo,,
Machi Koro,2 – 4,👨‍👩‍👧 Famiglia,Costruite la città più ricca con dadi e carte edificio. Ogni tiro di dado può portare guadagni a voi... o ai vostri avversari. Un classico immediato e irresistibile.,Tiro di dadi · Costruzione motore · Gestione carte,"108 carte totali: Carte Iniziali (Edifici Iniziali 2 tipi + Edifici Principali 4 tipi), Carte Riserva (Grandi Edifici 3 tipi + Edifici 12 tipi) · 60 monete (tagli 1/5/10) · 2 dadi · 1 Regolamento",in arrivo,,
Florenza Dice Game,2 – 5,🎲 Appassionati,"Siete mecenati nel Rinascimento fiorentino: usate i dadi per commissionare opere d'arte, costruire chiese e finanziare artisti. La storia è il vostro tabellone.",Piazzamento dadi · Gestione risorse · Set collection,"1 plancia Dadi · 1 blocco di fogli Rione (fronte)/tabella Edifici (retro) · 6 dadi in 6 colori (bianco, marrone, grigio, verde, rosso, giallo) · 4 matite · 1 regolamento",in arrivo,,
Azul Summer Pavillion,2 – 4,👨‍👩‍👧 Famiglia,Piastrelle colorate da selezionare e pattern da completare per decorare l'ultimo capolavoro del re del Portogallo. Una bellezza matematica che conquista subito.,Drafting di tessere · Costruzione schema,Regolamento senza elenco componenti,in arrivo,,
Oddville,2 – 4,🎲 Appassionati,"Una città strana e bizzarra da costruire carta dopo carta. Ogni palazzo è surreale, ogni connessione porta risorse: un gioco con una personalità unica.",Drafting di carte · Costruzione città · Gestione risorse,64 carte Moneta/Edificio · 1 carta Piazza Principale · 16 carte Lavoratore (4 colori giocatore) · 36 lavoratori (4 colori) · 1 plancia Risorse · 12 carte Personaggio (4 simboli Gilda) · 1 Regolamento · (regolamento in inglese),in arrivo,,
Era Il Medioevo,1 – 4,🎲 Appassionati,"Costruite cattedrali, castelli e pozzi nel Medioevo tirando dadi e piazzandoli sulle strutture. Un puzzle tridimensionale da far crescere partita dopo partita.",Piazzamento dadi · Gestione risorse · Costruzione 3D,"71 Edifici (8 Fortezze, 18 Capanne, 5 Palazzetti, 3 Municipi, 2 Cattedrali, 3 Monasteri, 5 Chiese, 16 Fattorie, 2 Università, 3 Segherie, 3 Ospedali, 3 Mercati) · 32 Mura (lunghezze varie da 2 a 6) · 27 Terre Bruciate · 36 Dadi (5 blu Cittadini, 5 bianchi Preti, 8 grigi Guerrieri, 18 gialli Contadini) · 25 Segnalini (6 per giocatore + 1 Primo Giocatore) · 5 Gettoni Tracciato · 4 Schermi · 4 Plance Giocatore · 1 Blocco Segnapunti",in arrivo,,
Santiago De Cuba,2 – 4,👨‍👩‍👧 Famiglia,"Nell'Avana del Novecento navigate per i vicoli in cerca di risorse rare. Un gioco di rotte, commercio e carisma, sulle note di una salsa immaginaria.",Rondello · Costruzione rotte · Gestione risorse,"1 Tabellone · 4 Schermi · 12 Pezzi Edificio · 9 Pezzi Cittadino · 4 Pedine · 12 Gettoni Proprietà (3 per colore) · 5 Dadi speciali a 6 facce · 48 Merci (8 per ciascuna: canna da zucchero, agrumi, tabacco, rum, sigari + 8 legno) · 60 gettoni Punti Vittoria (valori 1/2/3/5/10) · 36 Monete (pesos) · 1 Auto · 1 Nave · 1 Contatore valore merci · (regolamento in spagnolo)",in arrivo,,
Aquatica,2 – 4,👨‍👩‍👧 Famiglia,"Re degli abissi in competizione: esplorate fondali marini, raccogliete risorse e reclamate il trono delle profondità. Meccaniche fresche in un'ambientazione incantevole.",Gestione carte · Gestione risorse · Raccolta set,1 Plancia di gioco · 4 Plance giocatore · 56 carte Territorio · 8 carte Re · 24 carte Personaggio Iniziale (4 set da 6) · 18 carte Personaggio dell'Oceano · 16 miniature Mante Addestrate (4 per giocatore) · 23 miniature Mante Selvagge · 5 Segnalini Obiettivo fronte-retro,in arrivo,,
Meeples and Monsters,1 – 4,🎲 Appassionati,"I vostri meeples sono eroi da mandare in avventura: esplorate, combattete, crescete. Un fantasy leggero che mescola dungeon crawling e gestione delle risorse.",Esplorazione dungeon · Piazzamento lavoratori · Combattimento,"Meeple base: 48 bianchi (Contadini), 15 neri (Cavalieri), 18 blu (Guerrieri), 18 gialli (Maghi), 18 rossi (Chierici), 20 grigi (Corruzione) · Meeple Prestigio: 5 verdi (Ranger), 5 viola (Paladini), 5 arancioni (Sciamani) · 2 segnalini Primo Giocatore · 12 segnalini Giocatore (3 per colore) · 4 sacchetti di stoffa · 1 plancia Città · 4 plance Giocatore · 1 tabellone Scontro Finale · 15 tessere Luogo · 16 carte Eroe Base bifacciali · 12 carte Eroe Prestigio · 47 carte Mostro (12 liv.1, 20 liv.2, 8 liv.3, 4 Consiglio Oscuro [3 Signori + 1 Scagnozzo], 3 carte Arriva il Consiglio Oscuro) · 6 gettoni Bonus Consiglio Oscuro · 44 carte Missione · (regolamento in inglese)",in arrivo,,
Watergate,2,🏆 Esperti,Nixon o i giornalisti del Washington Post? Un duello di carte a rara tensione ispirato al più grande scandalo politico americano. Asimmetrico e storico.,Gioco di carte · Asimmetrico · Costruzione rete,1 Tabellone · 1 carta Consenso Amministrazione Nixon · 1 carta Consenso Editore · 20 carte Amministrazione Nixon · 20 carte Editore · 1 carta Iniziativa · 1 carta Riepilogo fine round · 9 segnalini Consenso · 1 segnalino Iniziativa · 36 tessere Prova · 7 tessere Foto · 1 sacchetto,in arrivo,,
Zombie Kidz Evolution,2 - 4,👨‍👩‍👧 Famiglia,,,1 plancia · 4 tessere eroi · 1 dado zombi · 4 gettoni lucchetti · 8 supporti in plastica · 8 tessere zombi · 13 buste Evolution (sigillate) · 1 manuale del regolamento,in arrivo,,
Champions!,3 - 5,👨‍👩‍👧 Famiglia,,,110 carte Duello · 8 plance · 16 carte Voto (8 di ogni colore) · 8 schede Personaggio · 8 pennarelli cancellabili · 8 tessere Partecipante · 1 regolamento,in arrivo,,
Momiji,1 - 4,🎲 Appassionati,,,84 carte Foglia (6 tipi x 14) · 16 gettoni Obiettivo · 12 Foglie Dorate · 1 meeple Scoiattolo · 34 tessere Paesaggio · 42 gettoni Ghianda (12 da valore 5 + 30 da valore 1) · 1 blocco segnapunti · (regolamento in inglese),in arrivo,,
Kingdomino,2 - 4,👨‍👩‍👧 Famiglia,,,"4 tessere Iniziali · 48 tessere Domino · 4 Castelli 3D (rosa, giallo, verde, blu) · 8 Re in legno (2 per colore) · 1 blocco Punteggio · 1 Torre 3D · (regolamento in tedesco)",in biblioteca,651603,8033609531769
Snow Time,3 - 5,👨‍👩‍👧 Famiglia,,,"1 Tabellone · 2 Dadi · 15 Segnalini Frutto · 5 Pedine in legno · 50 Carte (per ciascun colore: 1 Pedina + 7 Carte Personaggio num. 1-7 + 3 Carte Speciali: Guaritore, Osservatore, Bufera)",in arrivo,,
,,,,,
,,,,,
LEGGENDA: ,,,,,
