TITOLO,VECCHIA ETICHETTA,LIVELLO PROPOSTO,PERCHE (Vera),FONTE,QUANTO E SOLIDO,>>> LA TUA CORREZIONE <<<
21 Giochi Minuti,Famiglia,●○○○ AL VOLO,"Raccolta di 21 mini-giochi, regole singole pensate per stare in circa un minuto ciascuna",Descrizione ufficiale editore,ALTA - fonte editore/premio,
Champions!,Famiglia,●○○○ AL VOLO,"Dichiarato dall'editore ""little to no learning curve"", 15-30 min","Repos Production, sito ufficiale",ALTA - fonte editore/premio,
CocoRido All'Arrembaggio,Bambini,●○○○ AL VOLO*,"Party game solo a carte, meccanica domanda-risposta immediata, 30 min — *ma vedi INCERTO sotto sull'età*",Descrizione ufficiale (peso BGG non reperito),ALTA - fonte editore/premio,
Kingdomino,Famiglia,●○○○ AL VOLO,"Spiel des Jahres 2017, premio assegnato proprio per l'accessibilità estrema del regolamento","Wikipedia/Blue Orange Games, premio SdJ 2017",ALTA - fonte editore/premio,
Lo Scatto Perfetto,Bambini,●○○○ AL VOLO,"""Meccanica semplice e intuitiva"" dichiarata dall'editore, scatola-plancia pensata per il viaggio",Sito ufficiale GateOnGames (peso BGG non reperito),ALTA - fonte editore/premio,
Meepleland (Meeple Land),Famiglia,●●●○ CON UNA GUIDA,"Numero molto alto di tipi di componente (tessere attrazione in 6 taglie, 124 segnalini visitatore, bus, ingressi) — più setup di quanto ""difficoltà semplice"" suggerisca da sola",Componenti CSV + descrizione ufficiale (peso BGG non reperito),ALTA - fonte editore/premio,
Momiji,Appassionati,●●○○ DA SOLI,"30 min, tre opzioni per turno abbastanza lineari, pur con poteri variabili dei paesaggi da leggere la prima volta",Descrizione ufficiale (peso BGG non reperito),ALTA - fonte editore/premio,
Oddville,Appassionati,●●○○ DA SOLI,"Descritto come ""quick playing city-building"", componenti contenuti","Descrizione ufficiale, 45 min (peso BGG non reperito)",ALTA - fonte editore/premio,
Pandemic Reazione Rapida,Famiglia,●●●○ CON UNA GUIDA,Turni scanditi da intervalli di 2 minuti in tempo reale: il ritmo va capito la prima volta anche se il regolamento resta breve,Descrizione ufficiale (peso BGG non reperito),ALTA - fonte editore/premio,
Snow Time,Famiglia,●●○○ DA SOLI,"Azione simultanea con carte numerate semplici, ma la componente di anticipazione/imboscata va capita per giocare bene",Descrizione gameplay ufficiale (peso BGG non reperito),ALTA - fonte editore/premio,
Welcome to New Las Vegas,Famiglia,●●○○ DA SOLI,"Flip-and-write, gira 3 pile e scegli; giocabile fino a 100 persone insieme — segno di regole minime","Descrizione ufficiale, 35 min (peso BGG non reperito)",ALTA - fonte editore/premio,
Yokai,Famiglia,●○○○ AL VOLO,"Regola centrale (ordinare per colore, senza parlare) spiegabile in due minuti, componenti minimi","Descrizione ufficiale regolamento, 15-35 min (peso BGG non reperito)",ALTA - fonte editore/premio,
Zombie Kidz Evolution,Famiglia,●○○○ AL VOLO,"Cooperativo legacy per bambini dai 7 anni, regole minime, 15 min",Sito ufficiale Le Scorpion Masqué,ALTA - fonte editore/premio,
Aquatica,Famiglia,●●●○ CON UNA GUIDA,"Engine builder con più mazzi di personaggi e miniature Manta: più ricco della media ""Famiglia""","Recensione (""light-to-mid"") + componenti CSV",BASSA - dedotta da recensioni/componenti,
Azul Summer Pavillion,Famiglia,●●●○ CON UNA GUIDA,Variante della famiglia Azul a pattern libero (non muro fisso): generalmente la più impegnativa della serie,Caratteristiche gameplay note della serie (peso BGG non reperito),BASSA - dedotta da recensioni/componenti,
Bloom Town,Famiglia,●●○○ DA SOLI,"Tile drafting con bonus da capire (tessere Comunità); recensioni ""easy to teach ma sorprendentemente profondo""","Recensioni aggregate, 20-30 min (peso BGG non reperito)",BASSA - dedotta da recensioni/componenti,
Corinth,Famiglia,●○○○ AL VOLO,"Recensione: regole comprensibili ""in tre minuti"", componenti minimi (dadi + blocco fogli)","Recensione Opinionated Gamers, 20-30 min (peso BGG non reperito)",BASSA - dedotta da recensioni/componenti,
Draftosaurus,Bambini,●○○○ AL VOLO,"Definito ""filler"" nelle recensioni, paragonato esplicitamente a Kingdomino per leggerezza",Recensioni aggregate (peso BGG non reperito),BASSA - dedotta da recensioni/componenti,
Era Il Medioevo,Appassionati,●●●○ CON UNA GUIDA,"12 categorie di edificio con gerarchia di sblocco (Matt Leacock, ""roll-and-build""), pur con turni simultanei rapidi",Descrizione gameplay + componenti (peso BGG non reperito),BASSA - dedotta da recensioni/componenti,
Florenza Dice Game,Appassionati,●●●○ CON UNA GUIDA,"Recensione: ""medium weight... vero Euro Game nonostante l'aspetto roll-and-write""","Recensione Opinionated Gamers, 30-90 min (peso BGG non reperito)",BASSA - dedotta da recensioni/componenti,
Gasha,Bambini,●○○○ AL VOLO,"Descritto come ""light weight"", solo carte, 20 min, età 7+",Recensioni aggregate (peso BGG non reperito),BASSA - dedotta da recensioni/componenti,
Hats,Famiglia,●○○○ AL VOLO,"Componenti minimi (42 carte, plancia, pennarello), 20-30 min, scambio semplice",Recensioni aggregate (peso BGG non reperito),BASSA - dedotta da recensioni/componenti,
Machi Koro,Famiglia,●○○○ AL VOLO,"Recensioni concordi ""light... easy to learn"", 30 min",Recensioni aggregate (peso BGG non reperito),BASSA - dedotta da recensioni/componenti,
New York Zoo,Famiglia,●●○○ DA SOLI,"Puzzle a poliomino (stile Patchwork), genere tipicamente autoesplicativo; recensioni ""easy to learn""","Recensioni aggregate, 60 min (peso BGG non reperito)",BASSA - dedotta da recensioni/componenti,
NobiNobi GDR Magia,Famiglia,●●●○ CON UNA GUIDA,"Stessa struttura di regole di Spada, cambia solo il tema",Come sopra,BASSA - dedotta da recensioni/componenti,
NobiNobi GDR Spada,Famiglia,●●●○ CON UNA GUIDA,GdR narrativo a carte scena: il flusso Master/Protagonista a rotazione va spiegato la prima volta anche senza un master esperto,Recensione (sessione tipo ~2 ore) (peso BGG non reperito),BASSA - dedotta da recensioni/componenti,
Once Upon a Castle,Bambini,●○○○ AL VOLO,"Roll-and-write per bambini dai 6 anni, modalità base pensata per l'autonomia dei piccoli, 30 min",Recensioni aggregate (peso BGG non reperito),BASSA - dedotta da recensioni/componenti,
Orbis,Famiglia,●●●○ CON UNA GUIDA,"Poteri divini asimmetrici (segnalini Annullamento/Riduzione per divinità) tipicamente da spiegare la prima volta, 45 min",Descrizione gameplay (peso BGG non reperito),BASSA - dedotta da recensioni/componenti,
Rune Stones,Appassionati,●●●○ CON UNA GUIDA,"Deck-building con 4 valute diverse (Rune, Gemme, Minerali, Manufatti) da combinare, 60 min",Descrizione gameplay + componenti (peso BGG non reperito),BASSA - dedotta da recensioni/componenti,
Sobek 2 giocatori,Famiglia,●●○○ DA SOLI,"3 tipi di tessera + tracciato Corruzione da capire, anche se la partita dura solo 20 min",Descrizione gameplay + componenti (peso BGG non reperito),BASSA - dedotta da recensioni/componenti,
Sock Monsters,Bambini,●○○○ AL VOLO,"Recensione: bambini di 4-6 anni imparano dopo una sola partita, 15-25 min",Recensione dedicata (peso BGG non reperito),BASSA - dedotta da recensioni/componenti,
Spirit of the Forest,Famiglia,●●●○ CON UNA GUIDA,"La scatola include l'espansione Moonlight (creature notturne, eclissi, carte incantesimo): un modulo in più rispetto al gioco base",Componenti CSV (peso BGG non reperito),BASSA - dedotta da recensioni/componenti,
The Hunger,Famiglia,●●●○ CON UNA GUIDA,"Deck-builder di Richard Garfield con missioni, famigli, poteri; recensioni: ""tanti pezzi mobili, decisioni tattiche""; tracciato da assemblare in base ai giocatori",Recensioni aggregate (peso BGG non reperito),BASSA - dedotta da recensioni/componenti,
Wild Space,Famiglia,●●●○ CON UNA GUIDA,"Recensioni concordi ""medium-weight strategy"", sinergie tra carte equipaggio da scoprire",Recensioni aggregate (peso BGG non reperito),BASSA - dedotta da recensioni/componenti,
Woodcraft,Esperti,●●●● DA SERATA,"Recensioni concordi ""medium-heavy... chewy"", 60-120 min, decine di tipi di segnalino diversi",Recensioni aggregate multiple (peso BGG non reperito),BASSA - dedotta da recensioni/componenti,
"Zefiro (= Zefiria, vedi nota sopra)",Famiglia,●●●○ CON UNA GUIDA,Puzzle cooperativo (25 isole da riordinare) con poteri asimmetrici degli Spiriti del Vento e 3 livelli di difficoltà dichiarati dall'editore,Sito Playagame Edizioni + recensioni (peso BGG non reperito),BASSA - dedotta da recensioni/componenti,
Conspiracy (Abyss Universe),Famiglia,●●○○ DA SOLI,"Peso BGG 1.79, 30 min, drafting con push-your-luck",BGG weight 1.79,MEDIA - peso BGG trovato,
Dungeonology,Appassionati,●●●● DA SERATA,"Peso BGG 3.1 (ed. ""The Expedition""), ~90-105 min, 19 plance zona + 105 carte Trucchetto: tra le scatole più ricche del catalogo","BGG weight 3.1, componenti CSV coerenti con l'edizione identificata",MEDIA - peso BGG trovato,
Hippocrates,Esperti,●●●● DA SERATA,"Peso BGG 3.0, 90-120 min, recensori: ""la complessità può sopraffare i nuovi giocatori""",BGG weight 3.0,MEDIA - peso BGG trovato,
Meeples and Monsters,Appassionati,●●●○ CON UNA GUIDA,"Peso BGG 2.33, bag-building con 9 tipi di meeple e 3 livelli di mostro",BGG weight 2.33,MEDIA - peso BGG trovato,
MindUp!,Famiglia,●○○○ AL VOLO,"Peso BGG 1.65, 15-20 min",BGG weight 1.65,MEDIA - peso BGG trovato,
Railroad Ink Blu,Famiglia,●○○○ AL VOLO,"Stessa struttura di regole di Rosso, cambiano solo i dadi",BGG weight 1.47 (stessa famiglia di gioco),MEDIA - peso BGG trovato,
Railroad Ink Rosso,Famiglia,●○○○ AL VOLO,"Peso BGG 1.47, roll-and-write ""tira e disegna"" spiegabile in due minuti",BGG weight 1.47,MEDIA - peso BGG trovato,
Santiago De Cuba,Famiglia,●●○○ DA SOLI,Meccanica a rondò (spesso ostica al primo impatto) + cinque tipi di merce e dadi speciali: i componenti pesano più del peso BGG isolato,"BGG weight 2.15 + componenti CSV — **qui il numero e i componenti divergono, ho fatto vincere i componenti**",MEDIA - peso BGG trovato,
Tang Garden,Appassionati,●●●● DA SERATA,"Peso BGG 2.67, componenti numerosi (Decorazione, Personaggio, Paesaggio a due misure)","BGG weight 2.67, 45 min",MEDIA - peso BGG trovato,
Villagers,Famiglia,●●●○ CON UNA GUIDA,"Peso BGG 2.22, drafting con catene di produzione da capire",BGG weight 2.22,MEDIA - peso BGG trovato,
Visconti del Regno Occidentale,Esperti,●●●● DA SERATA,"Peso BGG 3.46, 60-90 min, alto numero di tipi di carta e risorsa",BGG weight 3.46,MEDIA - peso BGG trovato,
Watergate,Esperti,●●●○ CON UNA GUIDA,"Peso BGG 2.29, asimmetrico a 2 ma componenti contenuti; le recensioni lo descrivono accessibile pur restando profondo",BGG weight 2.29 — **vedi dissenso sotto**,MEDIA - peso BGG trovato,
